-- phpMyAdmin SQL Dump
-- version 4.8.4
-- https://www.phpmyadmin.net/
--
-- Host: 127.0.0.1
-- Generation Time: Mar 21, 2019 at 09:16 PM
-- Server version: 10.1.37-MariaDB
-- PHP Version: 7.3.1

SET SQL_MODE = "NO_AUTO_VALUE_ON_ZERO";
SET AUTOCOMMIT = 0;
START TRANSACTION;
SET time_zone = "+00:00";


/*!40101 SET @OLD_CHARACTER_SET_CLIENT=@@CHARACTER_SET_CLIENT */;
/*!40101 SET @OLD_CHARACTER_SET_RESULTS=@@CHARACTER_SET_RESULTS */;
/*!40101 SET @OLD_COLLATION_CONNECTION=@@COLLATION_CONNECTION */;
/*!40101 SET NAMES utf8mb4 */;

--
-- Database: `api`
--

-- --------------------------------------------------------

--
-- Table structure for table `migrations`
--

CREATE TABLE `migrations` (
  `id` int(10) UNSIGNED NOT NULL,
  `migration` varchar(191) COLLATE utf8mb4_unicode_ci NOT NULL,
  `batch` int(11) NOT NULL
) ENGINE=InnoDB DEFAULT CHARSET=utf8mb4 COLLATE=utf8mb4_unicode_ci;

--
-- Dumping data for table `migrations`
--

INSERT INTO `migrations` (`id`, `migration`, `batch`) VALUES
(1, '2014_10_12_000000_create_users_table', 1),
(2, '2014_10_12_100000_create_password_resets_table', 1),
(3, '2019_03_21_165904_create_products_table', 1),
(4, '2019_03_21_170434_create_reviews_table', 1),
(5, '2019_03_21_192049_add_foreign_key_product_id_to_review_table', 2);

-- --------------------------------------------------------

--
-- Table structure for table `password_resets`
--

CREATE TABLE `password_resets` (
  `email` varchar(191) COLLATE utf8mb4_unicode_ci NOT NULL,
  `token` varchar(191) COLLATE utf8mb4_unicode_ci NOT NULL,
  `created_at` timestamp NULL DEFAULT NULL
) ENGINE=InnoDB DEFAULT CHARSET=utf8mb4 COLLATE=utf8mb4_unicode_ci;

-- --------------------------------------------------------

--
-- Table structure for table `products`
--

CREATE TABLE `products` (
  `id` bigint(20) UNSIGNED NOT NULL,
  `name` varchar(191) COLLATE utf8mb4_unicode_ci NOT NULL,
  `details` text COLLATE utf8mb4_unicode_ci NOT NULL,
  `price` int(11) NOT NULL,
  `stock` int(11) NOT NULL,
  `discount` int(11) NOT NULL,
  `created_at` timestamp NULL DEFAULT NULL,
  `updated_at` timestamp NULL DEFAULT NULL
) ENGINE=InnoDB DEFAULT CHARSET=utf8mb4 COLLATE=utf8mb4_unicode_ci;

--
-- Dumping data for table `products`
--

INSERT INTO `products` (`id`, `name`, `details`, `price`, `stock`, `discount`, `created_at`, `updated_at`) VALUES
(1, 'ut', 'Aut molestiae iste recusandae illo. Distinctio dolores molestiae suscipit non error doloremque. Dicta rerum asperiores odio tenetur id.', 557, 7, 20, '2019-03-22 03:05:53', '2019-03-22 03:05:53'),
(2, 'soluta', 'Est et et accusantium fuga saepe. Commodi aspernatur quae aut sint et ullam suscipit. Ut illum eum fugiat pariatur. Fuga sit non iure.', 711, 0, 6, '2019-03-22 03:05:53', '2019-03-22 03:05:53'),
(3, 'voluptatem', 'Ipsum quo sit inventore consequatur. Dolorem et voluptatem nostrum tempore eos voluptatem est enim.', 952, 4, 13, '2019-03-22 03:05:53', '2019-03-22 03:05:53'),
(4, 'error', 'Est facilis voluptates minus quia consequatur. Dignissimos omnis ipsam quibusdam neque assumenda sit impedit. Et est libero a ex voluptates qui quia.', 268, 8, 6, '2019-03-22 03:05:53', '2019-03-22 03:05:53'),
(5, 'iure', 'Ipsam laudantium quasi numquam qui eos. Nemo consectetur veritatis ipsum quia inventore autem. Fugiat fugit id quia inventore quia. Inventore voluptatibus dolores assumenda dolorem nemo.', 597, 5, 23, '2019-03-22 03:05:54', '2019-03-22 03:05:54'),
(6, 'eius', 'Amet laborum ex dicta illo qui et. Reprehenderit amet voluptas reprehenderit recusandae minima. Perspiciatis minus vel sunt minima esse.', 502, 7, 15, '2019-03-22 03:05:54', '2019-03-22 03:05:54'),
(7, 'minima', 'Rerum libero dolorem adipisci exercitationem qui recusandae dolorum. Veniam quibusdam voluptatem nostrum asperiores aut ut consequatur. Cum necessitatibus delectus autem blanditiis. Ut vel sed quam deserunt.', 851, 2, 4, '2019-03-22 03:05:54', '2019-03-22 03:05:54'),
(8, 'a', 'Eius omnis eligendi totam omnis sed provident aut et. Reprehenderit deleniti eos blanditiis quo nobis. Voluptatem quibusdam voluptatibus molestias vitae et omnis. Ipsum mollitia optio tenetur quis ea possimus.', 286, 2, 6, '2019-03-22 03:05:54', '2019-03-22 03:05:54'),
(9, 'cupiditate', 'Velit repudiandae ipsam tempora quia velit dolore voluptate. Vel adipisci laudantium qui voluptatem rem provident. Reiciendis voluptatem quas animi laboriosam sunt. Aut saepe eaque autem ab distinctio.', 674, 2, 22, '2019-03-22 03:05:54', '2019-03-22 03:05:54'),
(10, 'suscipit', 'Mollitia iusto laborum eveniet sed ut dignissimos. Ad quia reprehenderit et voluptatibus nostrum numquam dolores. Corrupti omnis sed beatae rem dicta. Non dicta sint corrupti voluptates voluptate.', 749, 4, 12, '2019-03-22 03:05:54', '2019-03-22 03:05:54'),
(11, 'vel', 'Magni minima maxime et neque perferendis. Explicabo cumque aperiam sequi pariatur autem dicta illo incidunt. Sunt eos et praesentium aliquid est. Aliquid vero non itaque sunt dicta consectetur.', 792, 6, 20, '2019-03-22 03:05:54', '2019-03-22 03:05:54'),
(12, 'saepe', 'Et illo pariatur rerum repudiandae dolorem saepe. Ab earum numquam voluptatem sint quis. Dolor et dolorem vitae.', 490, 7, 16, '2019-03-22 03:05:54', '2019-03-22 03:05:54'),
(13, 'qui', 'Et autem error autem temporibus. Numquam provident quos vitae blanditiis dolore. Nihil laboriosam sed qui aspernatur. Qui hic aut quae et ullam.', 837, 5, 19, '2019-03-22 03:05:54', '2019-03-22 03:05:54'),
(14, 'quasi', 'Qui fuga nihil qui doloremque enim voluptas veniam. Iste sed quo accusamus odit rerum rerum fuga. Sit ratione eos qui delectus in ipsa.', 571, 6, 16, '2019-03-22 03:05:54', '2019-03-22 03:05:54'),
(15, 'qui', 'Placeat et autem voluptatem voluptas necessitatibus accusantium ipsa. Est labore nobis velit sunt ea. Ut incidunt qui aut quia.', 977, 1, 30, '2019-03-22 03:05:54', '2019-03-22 03:05:54'),
(16, 'itaque', 'Qui blanditiis id et eius. Inventore et blanditiis quia ratione ut. Quo rerum incidunt similique dolores dignissimos alias consequatur sed. Non dolor nulla officiis.', 596, 7, 26, '2019-03-22 03:05:54', '2019-03-22 03:05:54'),
(17, 'fugit', 'Dignissimos reiciendis molestiae non doloribus accusamus non deserunt. Commodi voluptas qui libero non praesentium. Corrupti inventore voluptatem harum ut sequi facere. Repudiandae repudiandae et et illum rerum.', 874, 2, 30, '2019-03-22 03:05:54', '2019-03-22 03:05:54'),
(18, 'debitis', 'Quam alias est similique pariatur. Mollitia iure dolore et et. In omnis labore qui soluta. Voluptatem quos quod sint adipisci corrupti consequatur assumenda animi. Voluptas doloremque omnis voluptate enim voluptatibus.', 352, 6, 14, '2019-03-22 03:05:54', '2019-03-22 03:05:54'),
(19, 'sunt', 'Quisquam soluta minus quas ut ut ab. Nostrum suscipit ratione velit laudantium nesciunt.', 644, 5, 27, '2019-03-22 03:05:54', '2019-03-22 03:05:54'),
(20, 'eum', 'Ut corporis sunt atque. Architecto minima aperiam occaecati. Dolorum ducimus aspernatur deserunt autem.', 518, 1, 7, '2019-03-22 03:05:54', '2019-03-22 03:05:54'),
(21, 'nam', 'In tenetur laborum saepe quia aut veniam porro. Consequatur in totam ea eum non cupiditate maxime. Sit soluta accusamus quo excepturi. Enim nihil molestias enim aut.', 514, 6, 21, '2019-03-22 03:05:54', '2019-03-22 03:05:54'),
(22, 'id', 'Et libero non ratione voluptas debitis ratione ab saepe. Perspiciatis quod amet ut in asperiores ab ratione. Quod est reprehenderit ut accusamus placeat ratione nemo dicta. Est sunt repellat suscipit adipisci rerum eos.', 775, 1, 6, '2019-03-22 03:05:54', '2019-03-22 03:05:54'),
(23, 'ad', 'Omnis sed qui minima. Et porro rerum eum quia eveniet et eos ipsa. Ab provident eum et impedit rerum.', 330, 0, 6, '2019-03-22 03:05:55', '2019-03-22 03:05:55'),
(24, 'non', 'Hic sed delectus officiis itaque in nihil. Voluptates similique et eum ipsa praesentium. Suscipit minus et nisi aut autem esse. Et dolor enim repudiandae omnis quo quae exercitationem.', 628, 0, 26, '2019-03-22 03:05:55', '2019-03-22 03:05:55'),
(25, 'vitae', 'Inventore facilis omnis quia harum. Aut ut repellat reiciendis ea iusto sit magni. Consequatur sint odio sed soluta voluptatem qui quis aut.', 101, 7, 19, '2019-03-22 03:05:55', '2019-03-22 03:05:55'),
(26, 'nobis', 'Odio nam quidem autem dolores rerum ducimus. Modi ea sit quisquam ab tenetur. Eos nostrum qui laborum aut aut similique illum magni. Exercitationem adipisci sed porro at ut tempora illo vel. Aliquid itaque aut suscipit ex nobis aliquid quam tempore.', 932, 9, 28, '2019-03-22 03:05:55', '2019-03-22 03:05:55'),
(27, 'enim', 'Quod non atque ea aspernatur et ut nesciunt rem. Quia similique aut ea tenetur consequatur. Atque cumque quia quae. Quo ducimus modi officiis rerum ut qui. Iusto ducimus repellat voluptates autem sint qui sapiente.', 248, 2, 18, '2019-03-22 03:05:55', '2019-03-22 03:05:55'),
(28, 'esse', 'Tempore molestiae quo quia laboriosam dignissimos aliquid. Veritatis asperiores deleniti quasi est et dignissimos. Excepturi corrupti voluptatem et corrupti pariatur rerum rerum. Earum sunt saepe totam dolores eum in.', 811, 5, 5, '2019-03-22 03:05:55', '2019-03-22 03:05:55'),
(29, 'delectus', 'Magni eum possimus adipisci ut a id esse. A quia id molestiae vero laborum. Amet at sapiente recusandae explicabo doloribus voluptas est. Voluptatibus aut atque dolores pariatur vel molestiae dicta. Velit earum voluptatibus neque necessitatibus sed sint voluptas.', 148, 4, 24, '2019-03-22 03:05:55', '2019-03-22 03:05:55'),
(30, 'nobis', 'Eos et veniam aliquid ducimus. Recusandae odio enim quaerat omnis qui commodi asperiores. Non necessitatibus non impedit tempore voluptatem est vero doloribus.', 168, 1, 21, '2019-03-22 03:05:55', '2019-03-22 03:05:55'),
(31, 'perferendis', 'Tempore quam ut fugiat soluta perspiciatis molestiae recusandae similique. Repellendus ducimus incidunt quasi voluptatem consequuntur enim. Ea eum commodi sunt non unde sit maxime.', 123, 5, 29, '2019-03-22 03:05:55', '2019-03-22 03:05:55'),
(32, 'expedita', 'Quasi vero omnis quod explicabo laboriosam voluptatem iusto. Eum dolore deleniti qui velit laudantium velit incidunt. Ut aut dolor laudantium enim perspiciatis necessitatibus. Perferendis occaecati earum animi voluptas consectetur.', 437, 2, 13, '2019-03-22 03:05:55', '2019-03-22 03:05:55'),
(33, 'mollitia', 'Velit est est sed quod quas. Voluptas accusamus eos impedit autem accusamus quaerat.', 759, 9, 11, '2019-03-22 03:05:55', '2019-03-22 03:05:55'),
(34, 'eum', 'Nulla cum perspiciatis nulla eos necessitatibus nemo. Id amet repellat vel velit consequatur ratione ipsa. Voluptatibus molestiae qui ipsum. Et et consequatur incidunt ab et aliquam quaerat.', 210, 9, 5, '2019-03-22 03:05:55', '2019-03-22 03:05:55'),
(35, 'iste', 'Officiis adipisci optio ratione accusamus iure ullam et. Quas quos officiis est consequatur odit. Sed sunt iusto nulla corrupti iusto aliquid tempora. Suscipit esse consequatur quasi maxime explicabo.', 231, 4, 25, '2019-03-22 03:05:55', '2019-03-22 03:05:55'),
(36, 'sed', 'Sint doloremque et ipsum veritatis molestias in exercitationem. Illum iusto excepturi excepturi sit. Ab expedita aut inventore. Temporibus repudiandae odio vel aut.', 925, 7, 18, '2019-03-22 03:05:55', '2019-03-22 03:05:55'),
(37, 'provident', 'Ratione iste deserunt nisi corporis et ut temporibus. Dignissimos voluptatum fuga rem soluta sequi officia et. Sunt eos officia atque vitae quo quaerat ipsum porro.', 562, 0, 2, '2019-03-22 03:05:55', '2019-03-22 03:05:55'),
(38, 'voluptatem', 'Sed molestias impedit quibusdam placeat aperiam. Ea rerum nulla ut ducimus perspiciatis. Nihil repudiandae ex qui delectus quo perferendis. Sit occaecati quis fugiat recusandae odio recusandae vel.', 779, 3, 15, '2019-03-22 03:05:55', '2019-03-22 03:05:55'),
(39, 'quasi', 'Hic quisquam perspiciatis dolores nostrum. Veniam autem consequatur unde suscipit cum fugiat. Veritatis dolores est qui porro totam eos.', 790, 3, 12, '2019-03-22 03:05:55', '2019-03-22 03:05:55'),
(40, 'omnis', 'Ut hic maiores voluptate qui eos rerum. Perspiciatis consequatur esse qui. Voluptatum sequi nemo accusantium eos. Et sequi est id.', 524, 6, 30, '2019-03-22 03:05:55', '2019-03-22 03:05:55'),
(41, 'veniam', 'Dolores incidunt quo culpa amet accusantium ut corporis. Possimus aperiam unde eveniet. Consequatur aspernatur tempora atque. Est quae perspiciatis dolor ab cum.', 453, 4, 2, '2019-03-22 03:05:55', '2019-03-22 03:05:55'),
(42, 'praesentium', 'Magnam eligendi aut id unde qui. Iste sint ut ex provident quod deserunt voluptatem. Aut officia voluptatem nisi quas eius. Ut id ad quae et enim eum inventore qui. Minus non voluptatem architecto illo veritatis magnam.', 879, 9, 23, '2019-03-22 03:05:55', '2019-03-22 03:05:55'),
(43, 'quod', 'Repellendus ut ea qui explicabo est autem. Consequatur iste eius tempora odio sit consequatur. Nam non quia beatae quod necessitatibus. Aliquid pariatur tempora ipsa quis.', 550, 7, 20, '2019-03-22 03:05:56', '2019-03-22 03:05:56'),
(44, 'autem', 'Dolorem quis optio in omnis. Vel possimus amet accusantium unde voluptatem illum. Iste excepturi dignissimos laboriosam sunt quibusdam tenetur blanditiis.', 894, 1, 27, '2019-03-22 03:05:56', '2019-03-22 03:05:56'),
(45, 'repudiandae', 'Quisquam quaerat dignissimos a quam. Ut voluptatibus pariatur accusamus itaque veritatis. Deleniti non ut fugiat et nam quo et. Debitis et praesentium est praesentium sit autem eum labore. Qui repellendus incidunt omnis eum et.', 581, 0, 5, '2019-03-22 03:05:56', '2019-03-22 03:05:56'),
(46, 'accusantium', 'Labore rerum tempora et sit et sed. Autem autem molestias excepturi repellat. Modi veniam tempore aut hic quia voluptate minus sit.', 949, 1, 23, '2019-03-22 03:05:56', '2019-03-22 03:05:56'),
(47, 'suscipit', 'Quis aut sed natus est ea soluta beatae tenetur. Enim culpa quaerat nihil. Aut molestiae rem corporis quo et nulla rem.', 302, 0, 26, '2019-03-22 03:05:56', '2019-03-22 03:05:56'),
(48, 'hic', 'Neque velit ducimus cum quaerat. Quia sunt officiis illo. Et ratione iusto enim quis consequuntur accusantium illo. Fugit at quo est est.', 285, 9, 27, '2019-03-22 03:05:56', '2019-03-22 03:05:56'),
(49, 'modi', 'Ad unde quidem sed ullam ipsam. Praesentium sunt quisquam quod iure quis quod. Fugiat sunt aut ad earum ea eius. Sequi est rem aliquam quam explicabo quos.', 465, 4, 4, '2019-03-22 03:05:56', '2019-03-22 03:05:56'),
(50, 'sint', 'Adipisci tempore dolorem ratione voluptatem ex unde incidunt. Ratione voluptatem hic molestias adipisci quia omnis aliquid. Sint fugiat hic fuga.', 525, 9, 6, '2019-03-22 03:05:56', '2019-03-22 03:05:56'),
(51, 'est', 'Aut expedita quaerat amet rem iste natus et aut. Inventore et minima laudantium molestias. Deleniti magni itaque quia temporibus beatae necessitatibus earum excepturi. Autem suscipit vitae velit dolor eligendi.', 788, 7, 7, '2019-03-22 03:07:02', '2019-03-22 03:07:02'),
(52, 'fugiat', 'Quo suscipit maxime sed. Labore tenetur ad sint. Ea odit in voluptatibus explicabo excepturi dolore. Distinctio odio omnis nostrum soluta.', 122, 9, 16, '2019-03-22 03:07:02', '2019-03-22 03:07:02'),
(53, 'ipsa', 'Aliquam totam voluptatibus eligendi. Voluptatem perspiciatis repellendus voluptates omnis. Esse dicta quia omnis ea veniam ut. Qui et ipsam et aut accusamus totam.', 890, 9, 19, '2019-03-22 03:07:02', '2019-03-22 03:07:02'),
(54, 'laboriosam', 'Ut voluptate et iusto consequatur commodi molestiae. Sed tenetur molestiae consequuntur velit consequuntur velit. Non distinctio voluptatem deleniti velit. Consequuntur cum nam minima cumque.', 160, 3, 18, '2019-03-22 03:07:02', '2019-03-22 03:07:02'),
(55, 'et', 'Expedita eaque voluptates eaque nihil deleniti dolore. Dolore quam eius veritatis. Recusandae iure culpa blanditiis fugiat quidem dolorem. Rerum esse adipisci ratione natus dolor.', 627, 1, 24, '2019-03-22 03:07:02', '2019-03-22 03:07:02'),
(56, 'aspernatur', 'Voluptas quae quidem consequatur nesciunt fugiat voluptas officia quibusdam. Accusantium quos eius sunt est. Non inventore aliquid consequatur et. Odit error aut sed et aliquid.', 689, 9, 29, '2019-03-22 03:07:02', '2019-03-22 03:07:02'),
(57, 'natus', 'Explicabo tenetur rerum perspiciatis eaque. Officiis ea molestias totam deleniti perspiciatis et. Voluptates aut quia exercitationem eaque perspiciatis distinctio. Officiis placeat expedita commodi quo fuga hic.', 185, 2, 26, '2019-03-22 03:07:02', '2019-03-22 03:07:02'),
(58, 'voluptatum', 'Omnis ut dolores perferendis velit repellat. Qui adipisci quas dolore explicabo modi dicta quo facilis. Suscipit rerum id vel nihil.', 314, 9, 22, '2019-03-22 03:07:02', '2019-03-22 03:07:02'),
(59, 'doloremque', 'Rerum eum accusamus atque nam praesentium ea possimus. Et unde aut consectetur. Quia velit esse minus sed nam earum.', 625, 9, 25, '2019-03-22 03:07:02', '2019-03-22 03:07:02'),
(60, 'suscipit', 'Dolorem nulla tempora quo incidunt architecto sunt quo. In unde architecto sit. Facilis cumque fugit quis veritatis. Nostrum in pariatur eaque sed sed.', 468, 8, 19, '2019-03-22 03:07:02', '2019-03-22 03:07:02'),
(61, 'incidunt', 'Voluptate repellendus eius sed maxime. Dolorem cumque voluptatem voluptatem non consequatur ducimus. Voluptates quibusdam aliquid inventore explicabo. Illum similique est omnis mollitia qui.', 250, 5, 22, '2019-03-22 03:07:02', '2019-03-22 03:07:02'),
(62, 'explicabo', 'Placeat laborum placeat ex alias sed voluptatum. Quia qui nemo error omnis consequuntur quidem. Sed minus et unde odit.', 580, 8, 20, '2019-03-22 03:07:03', '2019-03-22 03:07:03'),
(63, 'sunt', 'Ea sit debitis recusandae quaerat dolor labore. Dolore quibusdam dolorum molestias non. Sunt quo optio veniam nulla est consequatur qui. Quibusdam sapiente ipsa qui voluptate non incidunt.', 104, 1, 25, '2019-03-22 03:07:03', '2019-03-22 03:07:03'),
(64, 'deserunt', 'Magnam sit voluptas voluptatem eum. Aspernatur commodi iusto veritatis modi praesentium eos. Eum voluptate perspiciatis ut vel repellat quaerat. Omnis cum explicabo fugiat quae ut id est.', 769, 2, 4, '2019-03-22 03:07:03', '2019-03-22 03:07:03'),
(65, 'expedita', 'Adipisci et sapiente eveniet velit ut iusto eos. Expedita aut et voluptatem aut. Repudiandae omnis culpa commodi veniam iusto quis eos qui.', 347, 3, 22, '2019-03-22 03:07:03', '2019-03-22 03:07:03'),
(66, 'eos', 'Quos velit ut corporis ad. Distinctio nemo dolorem rerum tempora nam. Officia quaerat perspiciatis perspiciatis natus. Doloremque odio aperiam voluptatem et.', 816, 1, 21, '2019-03-22 03:07:03', '2019-03-22 03:07:03'),
(67, 'quia', 'Ex assumenda veniam quidem rem dolore aut. Velit consequuntur a sed qui inventore ut nam. Consequatur nihil sequi repellendus asperiores.', 221, 0, 3, '2019-03-22 03:07:03', '2019-03-22 03:07:03'),
(68, 'saepe', 'Explicabo dicta ea saepe maxime voluptas ullam maiores. Id est debitis accusantium explicabo rerum sint commodi. Quo sunt corrupti et nesciunt accusamus.', 597, 5, 9, '2019-03-22 03:07:03', '2019-03-22 03:07:03'),
(69, 'excepturi', 'Ex minus aliquid deleniti numquam nihil et. Nihil at nihil laudantium cupiditate consequatur quae consequatur aut. Iure aperiam minima ullam. Cumque qui aut ullam cum quibusdam.', 267, 8, 13, '2019-03-22 03:07:03', '2019-03-22 03:07:03'),
(70, 'distinctio', 'Debitis minus mollitia facere sit ratione minima officiis. Et molestiae ut laborum.', 910, 1, 22, '2019-03-22 03:07:03', '2019-03-22 03:07:03'),
(71, 'dolores', 'Quam distinctio consequuntur laboriosam aut aut placeat. Quia et voluptas quibusdam autem qui. Et nesciunt molestias saepe velit. Maiores libero aliquam rerum quis.', 975, 8, 18, '2019-03-22 03:07:03', '2019-03-22 03:07:03'),
(72, 'qui', 'Fugit facilis repellendus eos eum aliquam. Voluptatem et ea placeat sed. Eos aut fugit distinctio. Accusamus nihil amet eum odit mollitia perferendis qui.', 504, 3, 9, '2019-03-22 03:07:03', '2019-03-22 03:07:03'),
(73, 'quam', 'Quia voluptatem ducimus dolores et perspiciatis. Nihil iste sapiente vitae at est fuga. Voluptatem adipisci quasi in tenetur porro. Blanditiis mollitia totam est.', 435, 7, 9, '2019-03-22 03:07:03', '2019-03-22 03:07:03'),
(74, 'voluptatem', 'Aut velit distinctio omnis corporis et. Molestiae quos officiis nihil autem. Dolor et maxime inventore officia ullam natus.', 504, 4, 4, '2019-03-22 03:07:03', '2019-03-22 03:07:03'),
(75, 'esse', 'Vero nulla sit qui. Sunt officiis debitis dolores quaerat eveniet. Veritatis eos iste eaque aliquam. Et praesentium doloribus nihil eos nisi qui soluta.', 863, 2, 28, '2019-03-22 03:07:03', '2019-03-22 03:07:03'),
(76, 'praesentium', 'Dolorem aperiam culpa sed veritatis aut voluptatum. Omnis quo cumque impedit rerum vel asperiores et. Ducimus sequi nesciunt minima ducimus alias et. Sint sit ipsa placeat dolorum. Eaque numquam officiis natus corporis.', 913, 1, 4, '2019-03-22 03:07:03', '2019-03-22 03:07:03'),
(77, 'autem', 'Suscipit aliquam facere omnis consequuntur. Provident quo dolores cupiditate vitae enim quasi voluptas molestiae. At pariatur repudiandae provident magni doloremque. Quis qui aut et vel nam mollitia occaecati. Optio neque autem ea ipsa eos.', 460, 2, 8, '2019-03-22 03:07:03', '2019-03-22 03:07:03'),
(78, 'qui', 'Quidem fugit similique blanditiis voluptatibus magnam atque. Ex debitis sed aut officia enim deleniti et molestiae. Facere ea debitis velit quo rerum voluptatem. Et assumenda beatae pariatur possimus.', 986, 6, 7, '2019-03-22 03:07:03', '2019-03-22 03:07:03'),
(79, 'debitis', 'Ut quis autem cupiditate unde laudantium dolores sit esse. Quasi ea voluptas error consequatur aut earum. Ullam voluptate sint perspiciatis porro vel dignissimos numquam sequi. Non id distinctio porro praesentium dolorem soluta.', 761, 1, 15, '2019-03-22 03:07:03', '2019-03-22 03:07:03'),
(80, 'sunt', 'Et doloremque cupiditate et laboriosam odit. Quia et doloribus voluptas labore harum ut sit veniam. Eum qui odio et vel.', 392, 7, 19, '2019-03-22 03:07:03', '2019-03-22 03:07:03'),
(81, 'pariatur', 'Odit iste facilis minima architecto recusandae velit iusto nemo. Sequi et et corporis illo ullam consequatur cumque ea. Rerum eos et optio sed quod cumque.', 304, 5, 15, '2019-03-22 03:07:04', '2019-03-22 03:07:04'),
(82, 'dolore', 'Aut laboriosam omnis voluptatem voluptas ipsam. Et eligendi a ea. Temporibus ipsam ipsum deserunt qui.', 912, 1, 17, '2019-03-22 03:07:04', '2019-03-22 03:07:04'),
(83, 'quibusdam', 'Eius fuga laudantium eius consequatur alias. Expedita adipisci rerum minus qui possimus voluptatem. Magni at excepturi deleniti asperiores dolores aut.', 188, 9, 8, '2019-03-22 03:07:04', '2019-03-22 03:07:04'),
(84, 'esse', 'Sequi nam eveniet qui quia. Aliquam rerum ut laborum ipsum. Dolor nam autem quam facilis nisi est exercitationem velit. Alias culpa maiores sapiente nobis iure possimus.', 656, 6, 15, '2019-03-22 03:07:04', '2019-03-22 03:07:04'),
(85, 'voluptate', 'Molestias sint odio et voluptatem qui dignissimos. Perferendis sed veniam consectetur sit. Veritatis et earum qui nemo sint aliquid.', 130, 2, 7, '2019-03-22 03:07:04', '2019-03-22 03:07:04'),
(86, 'voluptatem', 'Voluptatem quam incidunt similique id nobis eaque. Laborum commodi recusandae ut ea commodi non qui. Suscipit sit dolores iure soluta quaerat ipsam qui. Repellat eum qui et unde fugiat.', 705, 8, 11, '2019-03-22 03:07:04', '2019-03-22 03:07:04'),
(87, 'voluptatem', 'Dolore totam animi doloremque sunt accusantium. Saepe facilis aut quis sint vero rerum. Nam ea deserunt consequatur tempora quia blanditiis.', 716, 3, 19, '2019-03-22 03:07:04', '2019-03-22 03:07:04'),
(88, 'fugiat', 'Commodi excepturi quam alias. Velit blanditiis aliquid cupiditate suscipit fuga. Voluptatem quod sed recusandae dolorem. Exercitationem officiis distinctio quis maxime et est eos.', 114, 1, 4, '2019-03-22 03:07:04', '2019-03-22 03:07:04'),
(89, 'ipsa', 'Voluptatem rerum quia voluptatem est repellendus cumque tenetur. Voluptatem est quibusdam amet ut doloribus. Non modi nam consequatur qui in voluptas animi. Esse veniam aperiam aliquam est.', 268, 9, 27, '2019-03-22 03:07:04', '2019-03-22 03:07:04'),
(90, 'est', 'Aspernatur veritatis reiciendis et ut tempore. Blanditiis ut voluptates aut rerum quam odit. Nam magnam vel aut aliquam.', 244, 4, 4, '2019-03-22 03:07:04', '2019-03-22 03:07:04'),
(91, 'officiis', 'Et qui vel dolores totam eveniet. Velit id consequuntur eius. Distinctio quod culpa rem reprehenderit soluta exercitationem. Laudantium ut inventore earum mollitia quis laudantium sit ipsa.', 235, 0, 13, '2019-03-22 03:07:04', '2019-03-22 03:07:04'),
(92, 'earum', 'Dolor qui quaerat perferendis rerum occaecati vel. Nam deleniti vel unde magni. Doloremque at est est commodi. Porro molestiae aliquid exercitationem alias iure est. Officia non et molestiae consequatur natus impedit nulla recusandae.', 624, 5, 7, '2019-03-22 03:07:04', '2019-03-22 03:07:04'),
(93, 'ad', 'Voluptatem esse non officiis qui vitae itaque labore. Eveniet iusto quis consequatur culpa velit autem esse ab. Tempora blanditiis qui officia ex sed repudiandae. Officiis inventore incidunt exercitationem labore. Et reiciendis est accusamus.', 505, 3, 23, '2019-03-22 03:07:04', '2019-03-22 03:07:04'),
(94, 'quae', 'Ut consequuntur ut recusandae consequuntur. Possimus ut sit et eum fugit. Cum sunt quidem et commodi similique maxime adipisci nisi.', 551, 6, 28, '2019-03-22 03:07:04', '2019-03-22 03:07:04'),
(95, 'qui', 'Id blanditiis doloremque esse minima corrupti debitis. Ipsam magni rerum ea saepe et nulla corrupti. Recusandae consequatur sequi cupiditate repellendus est totam deleniti rerum.', 993, 6, 2, '2019-03-22 03:07:04', '2019-03-22 03:07:04'),
(96, 'reprehenderit', 'Id assumenda iure et temporibus nam impedit inventore. Saepe enim magni repellat necessitatibus corporis. Voluptas id aspernatur ab neque enim in quo.', 624, 5, 22, '2019-03-22 03:07:04', '2019-03-22 03:07:04'),
(97, 'et', 'Incidunt impedit magni perspiciatis quae doloremque. Corrupti eveniet voluptatem eum natus et. In iste libero aliquam minima excepturi.', 381, 2, 25, '2019-03-22 03:07:04', '2019-03-22 03:07:04'),
(98, 'repellat', 'Quibusdam sunt fugiat blanditiis consequuntur fugiat. Consequatur quod qui esse. Fuga quas aliquam aut quis.', 996, 5, 17, '2019-03-22 03:07:04', '2019-03-22 03:07:04'),
(99, 'qui', 'Porro odit officiis consequuntur explicabo fugit officiis qui voluptatem. Magni sed totam quia quibusdam explicabo illum inventore. Quisquam consequatur veritatis aut numquam et.', 379, 5, 29, '2019-03-22 03:07:04', '2019-03-22 03:07:04'),
(100, 'laboriosam', 'Itaque est magni iusto voluptatibus dignissimos rerum provident non. Et temporibus ab eligendi rerum. Et maiores odit laudantium ratione. Asperiores soluta laudantium architecto laboriosam.', 286, 0, 3, '2019-03-22 03:07:04', '2019-03-22 03:07:04'),
(101, 'nostrum', 'Aliquid quo error voluptatibus in illum in repudiandae. Sint ut ea voluptatibus. Quidem voluptas dicta esse aut veritatis ab. Quidem est accusamus consectetur et sed.', 636, 4, 30, '2019-03-22 03:07:56', '2019-03-22 03:07:56'),
(102, 'sit', 'Numquam autem qui facilis eos ipsa deleniti et vitae. Est ea tempora vel itaque ipsam culpa odit voluptate. Adipisci deserunt voluptatum quo consequatur harum ut.', 895, 7, 13, '2019-03-22 03:07:56', '2019-03-22 03:07:56'),
(103, 'quos', 'Quia repudiandae tempore numquam qui rerum incidunt qui. Molestias et similique ut facilis a cupiditate nihil maxime.', 503, 5, 2, '2019-03-22 03:07:56', '2019-03-22 03:07:56'),
(104, 'voluptatum', 'Hic nihil voluptas sequi at eum incidunt possimus. Non nemo iste est nulla est. Dolores sapiente animi labore. Quo consequatur dicta qui omnis corrupti.', 464, 2, 2, '2019-03-22 03:07:56', '2019-03-22 03:07:56'),
(105, 'omnis', 'Doloribus molestiae est assumenda sed. Ut cupiditate impedit tenetur id in dolorem porro sint. Aut qui cumque et aperiam saepe.', 292, 6, 25, '2019-03-22 03:07:56', '2019-03-22 03:07:56'),
(106, 'dignissimos', 'Recusandae praesentium sed accusantium aut qui. Et et ratione vel sapiente. Mollitia ut perspiciatis et mollitia. Deleniti ipsum ipsum atque qui.', 427, 2, 13, '2019-03-22 03:07:56', '2019-03-22 03:07:56'),
(107, 'repudiandae', 'Quisquam molestiae cumque est iste quia. Et ut nemo modi atque animi eos. Quam eos nulla pariatur.', 720, 9, 23, '2019-03-22 03:07:56', '2019-03-22 03:07:56'),
(108, 'voluptatum', 'Earum aut consequuntur ipsam aut. Magni qui et quia architecto nihil voluptatem. Id vel cumque consequatur facere reiciendis quasi incidunt. Nisi dolore et non unde autem sequi error.', 497, 6, 14, '2019-03-22 03:07:56', '2019-03-22 03:07:56'),
(109, 'quaerat', 'Odio quas et sit accusamus quia fugiat excepturi. Voluptas vero ad accusamus minus. Sunt modi nulla at saepe accusantium aut voluptas. Architecto vitae nisi dolorem pariatur sit soluta dolorem est.', 748, 7, 18, '2019-03-22 03:07:56', '2019-03-22 03:07:56'),
(110, 'et', 'Assumenda reiciendis unde optio dolorum dolorem sint alias. Illum dolorem dolorem et ad et illo qui quia.', 326, 0, 2, '2019-03-22 03:07:56', '2019-03-22 03:07:56'),
(111, 'in', 'Reiciendis quibusdam tenetur qui sequi in reiciendis. Reiciendis dolorem ullam dolores vel qui inventore. Culpa placeat nobis ratione consectetur qui. Quae sit exercitationem animi nesciunt quo laborum.', 598, 4, 6, '2019-03-22 03:07:56', '2019-03-22 03:07:56'),
(112, 'vitae', 'Vero voluptatem ipsum commodi magnam nemo et. Autem animi reprehenderit doloribus et iste. Accusantium rerum quidem eveniet optio id aut.', 910, 6, 24, '2019-03-22 03:07:57', '2019-03-22 03:07:57'),
(113, 'sequi', 'Itaque esse facere corporis ut deleniti dicta. Alias est odit sit temporibus neque dolor. Tempore facilis architecto voluptates ullam dicta nihil ut. Atque ab voluptas autem nobis iusto.', 170, 1, 19, '2019-03-22 03:07:57', '2019-03-22 03:07:57'),
(114, 'ipsam', 'Aperiam adipisci laudantium ut dicta voluptas ea voluptas. Ipsam eligendi sapiente aut eligendi et provident qui dolor. Amet consequatur nobis sunt animi.', 872, 6, 28, '2019-03-22 03:07:57', '2019-03-22 03:07:57'),
(115, 'voluptatum', 'Explicabo odit modi molestias itaque. Nam aut accusantium ut quidem sequi. Dolores minima autem voluptatum vel blanditiis. Voluptatem et omnis laborum fugiat qui nobis soluta.', 815, 7, 28, '2019-03-22 03:07:57', '2019-03-22 03:07:57'),
(116, 'delectus', 'Minima qui non incidunt earum. Rerum voluptate at ut quia dolor aut. Aut ut commodi et quis velit. Quia enim nemo debitis expedita dolor.', 996, 0, 30, '2019-03-22 03:07:57', '2019-03-22 03:07:57'),
(117, 'doloremque', 'Voluptatem minima facilis sunt veritatis fuga praesentium. Sint dignissimos possimus aut voluptates laboriosam dicta. In aliquam magnam voluptas.', 550, 6, 30, '2019-03-22 03:07:57', '2019-03-22 03:07:57'),
(118, 'in', 'Consequatur accusantium quod et voluptatem totam reprehenderit qui. Molestias ipsum aliquid voluptates.', 339, 5, 13, '2019-03-22 03:07:57', '2019-03-22 03:07:57'),
(119, 'quos', 'Saepe commodi earum voluptatem pariatur. Omnis blanditiis neque aut quis qui. Ipsam temporibus sit vitae. Voluptatem rerum fuga magnam nisi aliquam. Odio repellendus doloribus qui vero voluptas sit.', 416, 9, 23, '2019-03-22 03:07:57', '2019-03-22 03:07:57'),
(120, 'vero', 'Et ut voluptas aspernatur sapiente eligendi quae. Eveniet ullam unde atque. Cum ipsa tempore deserunt enim modi architecto id.', 208, 2, 12, '2019-03-22 03:07:57', '2019-03-22 03:07:57'),
(121, 'dolor', 'Reprehenderit quia ab natus. Eaque quibusdam vero ullam rerum fugit quia deserunt. Ut officiis ducimus voluptatem.', 780, 7, 12, '2019-03-22 03:07:57', '2019-03-22 03:07:57'),
(122, 'doloribus', 'Vitae delectus quia aut officia. Quas non dolor error quo labore. Doloribus odio asperiores tempora omnis corrupti ratione saepe. Animi et nihil totam cum asperiores beatae.', 830, 6, 13, '2019-03-22 03:07:57', '2019-03-22 03:07:57'),
(123, 'est', 'Est nihil in inventore provident dolor cupiditate autem. Minima similique recusandae et labore veritatis. Et molestiae et qui quos aut quos nostrum. Maxime et mollitia vero ipsam voluptas aspernatur.', 835, 7, 27, '2019-03-22 03:07:57', '2019-03-22 03:07:57'),
(124, 'nihil', 'Accusantium ipsum velit voluptates aut. Sed soluta voluptatem neque qui.', 320, 4, 29, '2019-03-22 03:07:57', '2019-03-22 03:07:57'),
(125, 'qui', 'Beatae tenetur qui minima iste est omnis debitis. Velit deleniti magnam mollitia. Exercitationem nemo culpa eum et. Eum et culpa molestiae aut.', 632, 1, 20, '2019-03-22 03:07:57', '2019-03-22 03:07:57'),
(126, 'odit', 'Incidunt officia quos non voluptatem. Minus dolor dicta rerum ab. Asperiores optio iure qui consequuntur. Esse repudiandae quis unde possimus ratione. Aut consequatur laboriosam nostrum consectetur.', 764, 2, 10, '2019-03-22 03:07:58', '2019-03-22 03:07:58'),
(127, 'suscipit', 'Harum nostrum expedita sunt fugiat et quae animi. Repudiandae enim in laudantium alias. Fugiat amet porro tempore at. Consectetur provident dolor a omnis voluptatibus velit.', 304, 1, 26, '2019-03-22 03:07:58', '2019-03-22 03:07:58'),
(128, 'consectetur', 'Ipsa sit vel fugiat non qui enim ut sunt. Itaque officia eius est. Et omnis id distinctio perferendis fugiat. Voluptas ipsa quia ex et. Qui dolor perspiciatis dolore vero.', 441, 1, 18, '2019-03-22 03:07:58', '2019-03-22 03:07:58'),
(129, 'molestiae', 'Quibusdam quis aut et placeat. Autem vero sunt placeat ad et non.', 322, 5, 22, '2019-03-22 03:07:58', '2019-03-22 03:07:58'),
(130, 'qui', 'Quas consequuntur minima numquam perferendis. Natus et et ipsam. Tenetur adipisci molestiae est officia laboriosam corrupti sit debitis.', 670, 3, 19, '2019-03-22 03:07:58', '2019-03-22 03:07:58'),
(131, 'sunt', 'Velit eius ut tempora dignissimos. Non sed et quae modi. Fugit ad cumque vitae qui perspiciatis. Sint ullam vel autem ut.', 275, 3, 23, '2019-03-22 03:07:58', '2019-03-22 03:07:58'),
(132, 'ipsam', 'Veniam aliquid voluptatibus laudantium rem dolorem facere. Nihil itaque sunt enim dolorem nihil. Repellat amet enim suscipit enim minima provident.', 397, 1, 12, '2019-03-22 03:07:58', '2019-03-22 03:07:58'),
(133, 'cumque', 'Sed explicabo sapiente debitis iusto reiciendis ut aliquid. Nihil eveniet culpa voluptatem voluptatum libero cumque enim totam.', 459, 5, 8, '2019-03-22 03:07:58', '2019-03-22 03:07:58'),
(134, 'velit', 'Est quis mollitia reprehenderit quia beatae consequuntur. Ipsum quis officia molestiae non beatae. Necessitatibus est id repellat sed nemo placeat amet.', 650, 1, 30, '2019-03-22 03:07:58', '2019-03-22 03:07:58'),
(135, 'quis', 'At dolorum sit nisi assumenda. Facilis molestiae est veniam dolores sint. Eum voluptas aspernatur commodi qui eaque reprehenderit vitae ut.', 890, 1, 20, '2019-03-22 03:07:58', '2019-03-22 03:07:58'),
(136, 'fugiat', 'Rerum qui sapiente saepe voluptatem consequatur nihil. Non reprehenderit consectetur cum distinctio. Voluptatem assumenda magni iusto voluptatibus quo. Quia dicta quia quas officiis cum aut.', 287, 7, 8, '2019-03-22 03:07:58', '2019-03-22 03:07:58'),
(137, 'voluptatibus', 'Corporis nesciunt eos corporis excepturi provident vitae sed. Officiis aliquam architecto corporis omnis doloribus nulla.', 104, 0, 5, '2019-03-22 03:07:58', '2019-03-22 03:07:58'),
(138, 'molestias', 'Molestias quisquam suscipit qui temporibus ratione. Consequuntur voluptatibus tenetur saepe ea cupiditate quaerat. Perspiciatis minima voluptas qui vel voluptatem accusantium pariatur. Rem eaque architecto qui possimus neque est fuga.', 521, 4, 25, '2019-03-22 03:07:58', '2019-03-22 03:07:58'),
(139, 'nobis', 'Magnam minus iste impedit enim. Provident cumque tempora maiores eos totam non. Deserunt autem esse maxime deleniti.', 804, 1, 2, '2019-03-22 03:07:58', '2019-03-22 03:07:58'),
(140, 'debitis', 'Atque autem sit expedita est sed. Eveniet excepturi sed in aut eos. Reprehenderit autem reprehenderit sed et ea.', 865, 1, 11, '2019-03-22 03:07:59', '2019-03-22 03:07:59'),
(141, 'numquam', 'Doloribus vel quas in ut. Dolor ab magnam at aut omnis similique quia. Inventore aspernatur nemo magnam eos. Excepturi et vero quisquam suscipit.', 550, 1, 27, '2019-03-22 03:07:59', '2019-03-22 03:07:59'),
(142, 'quae', 'Ducimus aut vitae rerum modi doloribus. Ratione et illo in porro sunt eum quia. Ut autem deleniti libero et.', 614, 7, 9, '2019-03-22 03:07:59', '2019-03-22 03:07:59'),
(143, 'impedit', 'Minima error dolores sit. Autem et vitae ut sit placeat distinctio. Ut repellendus quidem beatae porro.', 611, 9, 22, '2019-03-22 03:07:59', '2019-03-22 03:07:59'),
(144, 'ea', 'Et ut dolor voluptas dolorem nobis aut commodi. Distinctio nam aut est animi iure. Ut omnis animi velit. Qui eius dolor incidunt quia et dolor aut nostrum. Deleniti autem eos quos autem autem.', 719, 3, 20, '2019-03-22 03:07:59', '2019-03-22 03:07:59'),
(145, 'id', 'Labore aliquam unde quisquam labore ducimus qui adipisci. Molestiae quasi animi quia est perspiciatis id quos autem.', 244, 2, 16, '2019-03-22 03:07:59', '2019-03-22 03:07:59'),
(146, 'ex', 'Aut ratione fugit quasi expedita aut. Laudantium laborum accusantium commodi vero. Cum fugit iure rerum hic praesentium. Sapiente quasi eum deserunt libero harum dolores ad.', 323, 6, 20, '2019-03-22 03:07:59', '2019-03-22 03:07:59'),
(147, 'sed', 'Voluptas aut voluptatem earum omnis temporibus aut. Est officia nihil quis nisi illo et at. Est minus aut distinctio totam accusantium ullam. Rem perferendis est voluptatem et.', 408, 6, 15, '2019-03-22 03:07:59', '2019-03-22 03:07:59'),
(148, 'distinctio', 'Dolores in minus praesentium et. Corporis sint qui deserunt possimus vel ipsum.', 490, 2, 9, '2019-03-22 03:07:59', '2019-03-22 03:07:59'),
(149, 'pariatur', 'Eaque ut excepturi tempore. Nisi iure nisi ea qui dicta. Qui animi consectetur hic dignissimos aperiam est eos quia. Recusandae vel est ut accusamus ut provident.', 848, 6, 23, '2019-03-22 03:07:59', '2019-03-22 03:07:59'),
(150, 'sit', 'Perferendis tenetur exercitationem ad voluptates ex rerum. Veritatis laudantium quia sunt asperiores. Aut illum corrupti quidem perspiciatis. Distinctio dolor ex libero neque vitae et porro earum.', 657, 7, 13, '2019-03-22 03:07:59', '2019-03-22 03:07:59');

-- --------------------------------------------------------

--
-- Table structure for table `reviews`
--

CREATE TABLE `reviews` (
  `id` bigint(20) UNSIGNED NOT NULL,
  `product_id` int(10) UNSIGNED NOT NULL,
  `customer` varchar(191) COLLATE utf8mb4_unicode_ci NOT NULL,
  `review` text COLLATE utf8mb4_unicode_ci NOT NULL,
  `star` int(11) NOT NULL,
  `created_at` timestamp NULL DEFAULT NULL,
  `updated_at` timestamp NULL DEFAULT NULL
) ENGINE=InnoDB DEFAULT CHARSET=utf8mb4 COLLATE=utf8mb4_unicode_ci;

--
-- Dumping data for table `reviews`
--

INSERT INTO `reviews` (`id`, `product_id`, `customer`, `review`, `star`, `created_at`, `updated_at`) VALUES
(1, 111, 'Grace Wuckert I', 'Quo est ad qui itaque tenetur quia aut. Quo minima doloremque fugit aliquam quibusdam.', 0, '2019-03-22 03:08:00', '2019-03-22 03:08:00'),
(2, 123, 'Enid McLaughlin', 'Sit nihil eum eius minima et. Quas iste quia eos sed reiciendis et modi. Modi est aut praesentium unde hic sint asperiores.', 1, '2019-03-22 03:08:01', '2019-03-22 03:08:01'),
(3, 96, 'Ruby Bergstrom', 'Cumque nihil odit suscipit explicabo corporis omnis. Incidunt exercitationem aspernatur at earum dolor maxime veritatis. Sunt quia laborum dolorem hic quis. Et voluptas iste omnis.', 5, '2019-03-22 03:08:01', '2019-03-22 03:08:01'),
(4, 77, 'Camila Pfeffer V', 'Ut quae voluptatem est eveniet sequi non quo porro. Aut modi vel dignissimos eaque modi. Asperiores numquam dolorem veniam et optio voluptas sequi dolore. Est aut rerum nulla voluptatem.', 2, '2019-03-22 03:08:01', '2019-03-22 03:08:01'),
(5, 59, 'Otto Hill', 'Voluptas a harum dicta id doloribus inventore. Dolor aliquid voluptas et est sed beatae autem. Consectetur in et sed non in.', 3, '2019-03-22 03:08:01', '2019-03-22 03:08:01'),
(6, 97, 'Alessia Kassulke I', 'Porro suscipit non voluptate non vel ab. Voluptate porro ea sapiente in error. Eum neque eveniet dignissimos. Quis suscipit illo sit. Et et ratione similique dolore laborum voluptate.', 1, '2019-03-22 03:08:01', '2019-03-22 03:08:01'),
(7, 4, 'Giles Adams', 'Eum temporibus quasi iure debitis labore. Nesciunt magnam neque eveniet sed qui in. Illo aut non commodi aspernatur beatae pariatur sunt ut.', 2, '2019-03-22 03:08:01', '2019-03-22 03:08:01'),
(8, 86, 'Juliana Rutherford', 'Voluptatem animi ea quis sed. Repellendus sunt repudiandae quo mollitia aperiam harum culpa. Vitae quis velit accusamus porro eius enim quidem. Quia adipisci quam suscipit.', 4, '2019-03-22 03:08:01', '2019-03-22 03:08:01'),
(9, 4, 'Prof. Christop Senger V', 'Nostrum voluptatibus tempore consequatur delectus. Animi expedita saepe recusandae et. Libero aliquam ab quia esse qui autem velit.', 1, '2019-03-22 03:08:01', '2019-03-22 03:08:01'),
(10, 61, 'Christy Stracke', 'Deserunt neque animi velit dolores ullam. Qui quia atque quia adipisci. Aut omnis libero nemo ut. Aperiam sint eum explicabo blanditiis rerum facere deleniti laborum.', 5, '2019-03-22 03:08:01', '2019-03-22 03:08:01'),
(11, 122, 'Eliseo Wolf', 'Voluptatibus quod aspernatur alias cum tempore. Odio hic eius officiis autem consequuntur. Voluptas et laboriosam illum dolores qui laudantium.', 4, '2019-03-22 03:08:01', '2019-03-22 03:08:01'),
(12, 46, 'Alicia Lebsack IV', 'Numquam tenetur libero voluptas ducimus provident. Ratione corporis numquam quis fuga. Eos et et adipisci ut corporis est labore.', 1, '2019-03-22 03:08:02', '2019-03-22 03:08:02'),
(13, 112, 'Fae Torphy V', 'Dolores soluta itaque repellat hic possimus et. Quis in et modi harum ut numquam sint. Quam labore aliquid hic. Qui assumenda ab ab et.', 3, '2019-03-22 03:08:02', '2019-03-22 03:08:02'),
(14, 73, 'Marlen Kerluke', 'Nisi qui neque dolorem molestiae. Veniam laborum ducimus magnam voluptas distinctio distinctio corporis. Beatae quisquam tempora dolores consectetur consequatur iusto et ut.', 1, '2019-03-22 03:08:02', '2019-03-22 03:08:02'),
(15, 75, 'Miss Missouri Cremin', 'Deserunt est asperiores eos ut maxime reprehenderit rerum. Eius blanditiis nihil quia quas. Rerum enim doloremque ratione amet rerum.', 5, '2019-03-22 03:08:02', '2019-03-22 03:08:02'),
(16, 22, 'Sammie Grady III', 'Veniam qui earum laborum vitae sed quae et. Est ut maxime neque soluta. Ut voluptatem perspiciatis sed sit nemo magni. Nulla adipisci sed quasi aliquid quae.', 5, '2019-03-22 03:08:02', '2019-03-22 03:08:02'),
(17, 124, 'Buford Nicolas I', 'Sapiente perferendis labore non rerum ad velit. Nulla dolorum delectus non soluta. Laudantium non quisquam dicta. Blanditiis minus perspiciatis sit repudiandae voluptatem cum.', 5, '2019-03-22 03:08:02', '2019-03-22 03:08:02'),
(18, 25, 'Dr. Ellsworth White Jr.', 'Soluta unde atque quis qui id facilis. Quasi corporis vel qui quod repellat. Adipisci veritatis inventore quia doloremque natus quae.', 5, '2019-03-22 03:08:02', '2019-03-22 03:08:02'),
(19, 80, 'Hester Ward DVM', 'Illum corporis sunt voluptatem veniam natus accusamus. Ad excepturi consequatur quam.', 0, '2019-03-22 03:08:02', '2019-03-22 03:08:02'),
(20, 7, 'Krista Adams', 'Voluptates odio amet omnis optio aspernatur corporis. Deserunt fuga nostrum sit atque sed. Et velit non omnis eos sed officia hic. Dicta et ipsa deleniti deserunt.', 4, '2019-03-22 03:08:02', '2019-03-22 03:08:02'),
(21, 140, 'Ralph Goyette', 'Et sit ea id magni eveniet. Mollitia qui omnis dolores qui. Quidem ipsum nemo omnis autem velit qui rerum. Officia aperiam eveniet vero vitae enim sit.', 5, '2019-03-22 03:08:02', '2019-03-22 03:08:02'),
(22, 47, 'Talia Murray', 'Eos sed labore quibusdam ipsam ducimus deserunt voluptatem. Est ratione voluptatem sit. Blanditiis et eaque sequi nesciunt voluptatem illum impedit. Sed earum ut culpa qui ut qui. Et est voluptatem molestiae aut possimus quos.', 5, '2019-03-22 03:08:02', '2019-03-22 03:08:02'),
(23, 109, 'Sid Ratke', 'Reprehenderit qui ut qui et. Ut sed eos dolor est veritatis corrupti exercitationem.', 3, '2019-03-22 03:08:02', '2019-03-22 03:08:02'),
(24, 89, 'Aditya Towne', 'Sed laboriosam ut et veniam delectus iste. Est non et eum consectetur enim consequatur. Enim doloremque ipsa doloribus.', 2, '2019-03-22 03:08:02', '2019-03-22 03:08:02'),
(25, 110, 'Dr. Darlene Bode', 'Illo doloribus et tempore sit ut aut est sed. Dolor sunt ut explicabo vitae. Quidem neque quibusdam ut molestias. Culpa voluptas omnis sunt vero voluptatem hic.', 2, '2019-03-22 03:08:02', '2019-03-22 03:08:02'),
(26, 141, 'Kariane Brakus', 'Distinctio qui dicta iste consequatur neque ut quo. Et rerum rem veritatis qui inventore rerum accusantium. Fugit quas et possimus accusantium. Assumenda porro perspiciatis sed et quibusdam provident.', 1, '2019-03-22 03:08:02', '2019-03-22 03:08:02'),
(27, 141, 'Miss Itzel McKenzie', 'Alias vitae velit facere voluptas. Consequatur sapiente quis et dolorem repellat quos voluptate. Alias ut dolore earum eos consequatur expedita.', 3, '2019-03-22 03:08:02', '2019-03-22 03:08:02'),
(28, 44, 'Corine Mertz', 'Ut quis temporibus voluptatem corporis. Nesciunt non consectetur deserunt in odio quia laborum. Est qui dicta ut laboriosam voluptatem. Qui odit et ipsa possimus eligendi et molestias. Ipsa rerum qui enim vel dolorem.', 1, '2019-03-22 03:08:02', '2019-03-22 03:08:02'),
(29, 149, 'Karlee Eichmann', 'Voluptas provident id nobis sapiente. Fugit totam voluptatem fuga maxime animi vel rerum. Repudiandae velit ut odio omnis vero porro assumenda. Sint molestiae culpa ex reprehenderit voluptas laboriosam. Voluptas ullam aperiam animi corporis eaque esse.', 0, '2019-03-22 03:08:03', '2019-03-22 03:08:03'),
(30, 107, 'Felicia Krajcik DDS', 'Corrupti qui accusamus quo et pariatur officiis reiciendis. Eveniet officiis distinctio repudiandae sed et voluptatum. Reiciendis voluptatem inventore quia eius.', 5, '2019-03-22 03:08:03', '2019-03-22 03:08:03'),
(31, 134, 'Mr. Frank Turner V', 'Dolor totam eos est ut. Et quasi quam expedita quod. Magnam laboriosam vel esse veritatis quasi. Nulla modi autem sit accusamus et quis.', 1, '2019-03-22 03:08:03', '2019-03-22 03:08:03'),
(32, 126, 'Triston Halvorson', 'Soluta est minus blanditiis recusandae explicabo est. Et amet qui explicabo velit. Autem et nesciunt quos esse possimus dignissimos. Suscipit aperiam ipsa labore fugiat et sit reprehenderit.', 4, '2019-03-22 03:08:03', '2019-03-22 03:08:03'),
(33, 133, 'Crystel Mohr', 'Enim nemo accusamus voluptas. Qui magni perspiciatis sapiente qui quis fuga. Deserunt sed aut possimus ut sit.', 4, '2019-03-22 03:08:03', '2019-03-22 03:08:03'),
(34, 148, 'Jackie Beatty', 'Tempore ea maiores aperiam. Et officiis laudantium magni rerum quis aut. Non modi error rerum autem autem quia.', 5, '2019-03-22 03:08:03', '2019-03-22 03:08:03'),
(35, 133, 'Karolann Mante', 'Reiciendis repellat temporibus magnam. Laudantium corporis optio voluptatibus quisquam ullam quibusdam tempore nesciunt. Aut qui vel quaerat quos commodi. Quasi quia amet laboriosam.', 3, '2019-03-22 03:08:03', '2019-03-22 03:08:03'),
(36, 16, 'Dylan Harber III', 'Quia et autem eos itaque pariatur ratione. Cumque sint adipisci rem nulla. Sunt sequi vitae sint porro. Esse voluptate atque quisquam voluptas laudantium.', 5, '2019-03-22 03:08:03', '2019-03-22 03:08:03'),
(37, 99, 'Juliet Gerlach', 'Voluptas ut velit tempore. Fugit laudantium dicta incidunt voluptatibus. Veniam aspernatur aut ut minus non eos deserunt. In nostrum reprehenderit dolore fuga expedita rerum occaecati vel.', 4, '2019-03-22 03:08:03', '2019-03-22 03:08:03'),
(38, 57, 'Charity Gorczany II', 'Odio in necessitatibus doloremque accusamus. Voluptas perspiciatis dolorem reiciendis at qui id. Facere incidunt velit est ad nam nisi. Aut est excepturi unde consequuntur.', 3, '2019-03-22 03:08:03', '2019-03-22 03:08:03'),
(39, 80, 'Mr. Keith Mraz', 'Tenetur reiciendis vero distinctio ducimus et. Est ipsam in itaque labore.', 3, '2019-03-22 03:08:03', '2019-03-22 03:08:03'),
(40, 20, 'Romaine Goldner', 'Corrupti rerum deleniti officiis sint alias vitae. In labore alias nemo ullam necessitatibus ab ratione.', 2, '2019-03-22 03:08:03', '2019-03-22 03:08:03'),
(41, 84, 'Dr. Reyna Kub', 'Dolor facere nesciunt enim ea vel. Officia cupiditate cum et perspiciatis ut itaque occaecati. Quisquam magnam perspiciatis accusamus eum ut. Voluptas voluptatem qui sapiente asperiores omnis expedita.', 2, '2019-03-22 03:08:03', '2019-03-22 03:08:03'),
(42, 144, 'Ms. Cleora Harvey', 'Libero dolorum ut omnis reiciendis. Autem quaerat sapiente necessitatibus quam ducimus eum amet. Dolore excepturi consequuntur sunt nostrum est. Earum non aliquid temporibus repudiandae officiis.', 4, '2019-03-22 03:08:04', '2019-03-22 03:08:04'),
(43, 140, 'Ms. Piper Cronin DDS', 'Est voluptas autem dolorem voluptatem. Aliquam ea quis ut et molestiae laborum. Quidem et dolorem qui voluptas. Accusantium perferendis numquam maiores quia explicabo ipsa.', 5, '2019-03-22 03:08:04', '2019-03-22 03:08:04'),
(44, 120, 'Harley Batz', 'Nisi vitae deserunt doloremque praesentium esse sunt aliquam. Rem impedit reprehenderit placeat qui corporis. Ducimus molestiae optio ipsum non dolor.', 2, '2019-03-22 03:08:04', '2019-03-22 03:08:04'),
(45, 135, 'Elza Koelpin', 'Ab ipsa dicta ea. Nihil deserunt necessitatibus excepturi quas. Tenetur ab voluptatem molestiae optio dolorem ut. Quaerat beatae sapiente earum voluptas perspiciatis quis architecto odit.', 5, '2019-03-22 03:08:04', '2019-03-22 03:08:04'),
(46, 28, 'Porter Gleason', 'Eligendi fugit cum voluptatum dolor eos. Aut voluptatem quo rem omnis et possimus voluptatem. Molestias rem reprehenderit aut. Voluptate veritatis tempora exercitationem odio beatae velit qui et.', 3, '2019-03-22 03:08:04', '2019-03-22 03:08:04'),
(47, 27, 'Bailee Mertz', 'Animi necessitatibus consectetur veniam numquam. Dicta dolores minus vitae nesciunt quos. Quidem laboriosam explicabo facere est est numquam. Repellat voluptas voluptatem quia aut. Nihil sit tempora aut.', 5, '2019-03-22 03:08:04', '2019-03-22 03:08:04'),
(48, 143, 'Prof. Holden Jacobson I', 'Explicabo ab numquam nostrum quasi dolorem. Quod ea omnis vitae molestiae ut.', 1, '2019-03-22 03:08:04', '2019-03-22 03:08:04'),
(49, 56, 'Bethel Lakin', 'Quisquam vero illo rem animi praesentium aut veniam. Tempore beatae voluptas ut voluptatibus exercitationem. Libero cumque quis est et itaque. Quibusdam in non laboriosam rerum officiis explicabo.', 0, '2019-03-22 03:08:04', '2019-03-22 03:08:04'),
(50, 20, 'Jerrell Anderson', 'Odio facere magnam nisi. Inventore vel odit voluptatem inventore dolor reprehenderit. Maiores fuga totam perferendis omnis.', 3, '2019-03-22 03:08:04', '2019-03-22 03:08:04'),
(51, 95, 'Ms. Josianne Altenwerth', 'Pariatur nam ea vel labore repellat. Eum mollitia rerum totam velit quia id. Vel mollitia necessitatibus libero iste iusto dolor. Ratione sed dolorem sed sed autem consequatur qui.', 0, '2019-03-22 03:08:04', '2019-03-22 03:08:04'),
(52, 88, 'Vanessa Blick', 'Quod ad ducimus qui impedit doloribus velit velit. Eaque eum modi officia dicta eum adipisci. Accusantium at laudantium ex molestiae amet iure ipsam. Sint corporis sit corporis ut.', 4, '2019-03-22 03:08:04', '2019-03-22 03:08:04'),
(53, 133, 'Kameron Kutch II', 'Harum quae veritatis natus odit totam eveniet nobis et. Velit ut libero aliquid nihil quia iusto vel possimus. Nostrum aut in aut aut quia.', 0, '2019-03-22 03:08:04', '2019-03-22 03:08:04'),
(54, 150, 'Xander Gleason', 'Doloremque neque eum nam neque officiis nobis totam. Sint doloremque delectus voluptas. Voluptate animi maxime perferendis nobis ipsam. Praesentium nemo quis inventore necessitatibus.', 3, '2019-03-22 03:08:04', '2019-03-22 03:08:04'),
(55, 3, 'Natasha Crist', 'Non dignissimos commodi ipsa quisquam. Corrupti eum dignissimos et eveniet voluptatem. Odit doloremque nemo ut modi. Illum laboriosam adipisci fugiat omnis delectus.', 5, '2019-03-22 03:08:04', '2019-03-22 03:08:04'),
(56, 68, 'Lauretta Satterfield', 'Dignissimos hic minus et sed commodi numquam ipsam. Eaque nisi necessitatibus magni laudantium quisquam. Voluptas cum dignissimos sed veniam eos dolorem officiis.', 0, '2019-03-22 03:08:04', '2019-03-22 03:08:04'),
(57, 58, 'Dagmar Durgan', 'Voluptate at dolores possimus. Quaerat eos inventore sit dolor deleniti enim numquam. Minus ut ut eveniet porro dicta nulla doloribus. Aspernatur consequatur ab optio ut omnis.', 1, '2019-03-22 03:08:04', '2019-03-22 03:08:04'),
(58, 59, 'Maudie Rosenbaum', 'Repellat ducimus sed nesciunt sint dicta nihil quia. Cum consequatur quia minima qui corporis ad voluptatem. Ut et officia accusamus sed consequatur voluptates.', 2, '2019-03-22 03:08:04', '2019-03-22 03:08:04'),
(59, 148, 'Rosalind Douglas I', 'In nihil recusandae accusantium pariatur. Dolores ut cumque in et cupiditate sint est eveniet. Debitis maiores ut vel dolores laudantium.', 5, '2019-03-22 03:08:04', '2019-03-22 03:08:04'),
(60, 79, 'Carlie Nikolaus', 'Sunt et dolore optio illum. Expedita laboriosam commodi est enim unde. Et magnam architecto repellat sint impedit voluptatem inventore perferendis.', 1, '2019-03-22 03:08:04', '2019-03-22 03:08:04'),
(61, 13, 'Dr. Stevie Haag', 'Quia quia quia ipsa qui tempore. Perferendis quia in et nesciunt consectetur quia ullam. Atque laboriosam et quam omnis.', 2, '2019-03-22 03:08:05', '2019-03-22 03:08:05'),
(62, 145, 'Trever Walker', 'Non commodi est sint et incidunt numquam. Minima est architecto non non illo est. Omnis ullam perspiciatis repellat ut magnam ullam rerum. Qui et nam eius nemo vel rerum est.', 1, '2019-03-22 03:08:05', '2019-03-22 03:08:05'),
(63, 123, 'Elise Feest', 'Modi alias nostrum quia laborum maxime. Animi consequatur perspiciatis facilis dolores dicta et quia. Dignissimos velit vero tempore.', 3, '2019-03-22 03:08:05', '2019-03-22 03:08:05'),
(64, 109, 'Jerome Kuhn MD', 'Et deleniti tempore consectetur iusto exercitationem explicabo doloremque. Ut aut quidem omnis quis facere cumque. Nihil deleniti consequuntur ut minus ipsam at animi enim. Dolores et perspiciatis eum animi praesentium et. Itaque voluptates dicta excepturi eveniet est voluptatum sit.', 4, '2019-03-22 03:08:05', '2019-03-22 03:08:05'),
(65, 26, 'Dr. Kaylah Kuhn', 'Quia inventore omnis eos voluptates. Sit non molestiae sint totam atque nobis. Repudiandae qui suscipit placeat eligendi.', 4, '2019-03-22 03:08:05', '2019-03-22 03:08:05'),
(66, 98, 'Mr. Reagan Huels', 'Ea incidunt occaecati et autem eos. Officia ea sint voluptas ut nisi et ut. Neque deserunt modi non. Quod suscipit enim aut quos sint ratione sit et. Officiis nemo provident fugiat explicabo.', 3, '2019-03-22 03:08:05', '2019-03-22 03:08:05'),
(67, 119, 'Katrine Greenfelder IV', 'Facilis non fugit vitae et est. Excepturi eligendi et aliquam et consequuntur eos alias. Dignissimos temporibus iusto nobis unde numquam aut blanditiis est. Rem dolores quos minima voluptatum.', 4, '2019-03-22 03:08:05', '2019-03-22 03:08:05'),
(68, 14, 'Edison Braun', 'Quam aut eligendi quam fugit ducimus error aliquid. Sit culpa veniam quo sequi magnam laboriosam omnis. Modi et ut consequatur minus iusto eum qui.', 5, '2019-03-22 03:08:05', '2019-03-22 03:08:05'),
(69, 57, 'Nia Jacobson', 'Id quasi officiis quidem. Sapiente id perferendis modi tempora sint dolor ex. Accusantium et a culpa laborum accusamus ea. Veniam aut natus omnis magni aspernatur rerum. Et fugiat doloremque pariatur voluptas aspernatur fugiat dolores.', 4, '2019-03-22 03:08:05', '2019-03-22 03:08:05'),
(70, 110, 'Dr. Tyreek Huel II', 'Maxime maiores minima et voluptas debitis sint nam. Rerum et eveniet non aperiam fugit perspiciatis enim qui. Doloribus quod blanditiis repudiandae libero error. Rerum odit eaque eveniet veniam.', 0, '2019-03-22 03:08:05', '2019-03-22 03:08:05'),
(71, 15, 'Mr. Enoch Rolfson', 'Eos id eum et architecto aut nihil. Dolore placeat perferendis consequatur quas. Saepe dicta natus temporibus non. Asperiores excepturi nesciunt enim consectetur.', 0, '2019-03-22 03:08:05', '2019-03-22 03:08:05'),
(72, 89, 'Jeremie Ortiz', 'Et ipsam est nihil quas. Molestiae consequuntur ea recusandae at enim qui ipsam voluptas. Et similique velit accusantium quo inventore tenetur natus. Blanditiis non vel iusto eos labore voluptates.', 1, '2019-03-22 03:08:05', '2019-03-22 03:08:05'),
(73, 138, 'Sally Bernier', 'Dicta quidem et recusandae sint ut. Ut aut ducimus id ipsum ipsa est. Consequatur facere sit molestiae ea corporis quia aspernatur. Ipsum adipisci rem ipsum sint dolores saepe eos.', 1, '2019-03-22 03:08:05', '2019-03-22 03:08:05'),
(74, 26, 'Marisol Legros', 'Quo nihil exercitationem earum fuga et ipsa. Optio reprehenderit architecto accusantium atque. Occaecati laborum voluptatem officia eum quaerat dolorum rem. Repudiandae accusantium dicta repudiandae nostrum dignissimos ducimus consequatur.', 3, '2019-03-22 03:08:05', '2019-03-22 03:08:05'),
(75, 86, 'Dr. Kaitlin Bauch', 'Qui quidem aut doloremque minus unde modi. Doloremque et id consectetur aut. Ratione expedita omnis vel ex quos ut ratione recusandae. Iusto est nam temporibus maxime dicta.', 4, '2019-03-22 03:08:05', '2019-03-22 03:08:05'),
(76, 38, 'Arielle Balistreri PhD', 'Ipsam incidunt ut sit assumenda aut. Aut laboriosam qui perferendis sit. Facilis veritatis odit perferendis in optio rerum expedita. A rerum est magni aut.', 5, '2019-03-22 03:08:05', '2019-03-22 03:08:05'),
(77, 60, 'Gardner Hettinger', 'Quia dolore et illo rem deserunt. Occaecati corrupti magnam aut ab. Saepe reiciendis omnis et sunt.', 4, '2019-03-22 03:08:05', '2019-03-22 03:08:05'),
(78, 3, 'Ryleigh Roob', 'Repellendus et commodi iure ut adipisci magnam est labore. Aut exercitationem id sint sit ipsum illum nihil architecto. Ea voluptatem aut et voluptatem impedit odio.', 3, '2019-03-22 03:08:05', '2019-03-22 03:08:05'),
(79, 103, 'Vesta Hane', 'Culpa minus sapiente iusto ducimus id. Ratione fugit ut eaque at similique fugit quia aut. Voluptatem dolores qui consequatur qui. Est fugit in aut.', 5, '2019-03-22 03:08:06', '2019-03-22 03:08:06'),
(80, 32, 'Unique Bergstrom', 'Aspernatur aut iusto dolorem ut incidunt rerum tempora. Qui in cumque ut quis quam sint qui. Sint molestiae excepturi assumenda pariatur aut libero consectetur omnis. Officia quis aliquid unde et voluptatibus autem reiciendis.', 3, '2019-03-22 03:08:06', '2019-03-22 03:08:06'),
(81, 10, 'Prof. Raleigh Emmerich', 'Cumque iste aut occaecati et rerum. Eius eaque voluptas illum neque tempore inventore sequi. Nemo officiis iusto sint aspernatur.', 4, '2019-03-22 03:08:06', '2019-03-22 03:08:06'),
(82, 10, 'Prof. Nathanael Murphy III', 'Esse repellat ab consequatur ut labore sed. Unde voluptates aut omnis labore delectus omnis exercitationem aliquam. Rerum odit id omnis nobis et.', 4, '2019-03-22 03:08:06', '2019-03-22 03:08:06'),
(83, 131, 'Otho Crooks', 'Quia quidem explicabo tempora cumque. Sit et aut velit. Qui recusandae quae ut rerum. Nemo quasi officiis dolorum officiis debitis officia.', 5, '2019-03-22 03:08:06', '2019-03-22 03:08:06'),
(84, 60, 'Albertha Fahey', 'Aspernatur quae minima id quis. Vel expedita asperiores et nihil nesciunt praesentium aut. Nulla perspiciatis aut aut reiciendis officia sunt.', 0, '2019-03-22 03:08:06', '2019-03-22 03:08:06'),
(85, 136, 'Dr. Veda Sporer', 'Qui esse consequatur in. Optio aliquid animi itaque sed sunt dolor excepturi. Voluptates sit et et tempora natus nihil esse facilis. Laboriosam molestias neque omnis.', 4, '2019-03-22 03:08:06', '2019-03-22 03:08:06'),
(86, 36, 'Mr. Adalberto Windler MD', 'At non ducimus deleniti incidunt impedit non earum. Laborum libero placeat quisquam et. Placeat inventore eius consequatur ratione velit. Quidem dolores vero iusto eum totam laboriosam.', 4, '2019-03-22 03:08:06', '2019-03-22 03:08:06'),
(87, 104, 'Richard Champlin', 'Voluptatem soluta veritatis provident id et. Rerum nihil quia iusto expedita. Minus doloribus ut dicta enim assumenda vitae mollitia. Praesentium ad ea libero quam vero.', 3, '2019-03-22 03:08:06', '2019-03-22 03:08:06'),
(88, 129, 'Leilani Kessler', 'Incidunt ut vero qui esse. Est saepe nisi et voluptas optio excepturi rerum. Nisi iste necessitatibus aspernatur doloremque et nobis consequatur maxime.', 0, '2019-03-22 03:08:06', '2019-03-22 03:08:06'),
(89, 150, 'Eladio Lakin', 'Et fugit et et facilis mollitia fuga. Voluptates quas voluptatibus veniam est in quaerat. Molestiae facere consequatur perferendis. In est doloremque vel.', 5, '2019-03-22 03:08:06', '2019-03-22 03:08:06'),
(90, 82, 'Aurelie Corkery', 'Error odit non expedita temporibus neque. Vel laborum fugiat non cupiditate quia. Consequatur natus quam hic eius aspernatur sit. Architecto voluptatem fuga sed eum aut neque.', 3, '2019-03-22 03:08:06', '2019-03-22 03:08:06'),
(91, 59, 'Dr. Ayana Bins', 'Aut quasi omnis nisi quo quas pariatur. Iusto magni dolorum omnis ea similique eveniet architecto. Deleniti autem odio enim ipsum commodi sunt.', 3, '2019-03-22 03:08:06', '2019-03-22 03:08:06'),
(92, 148, 'Gerson Runolfsson', 'Ut tempora quia fuga minima asperiores. Excepturi ipsa maxime sunt aut repellat saepe.', 2, '2019-03-22 03:08:06', '2019-03-22 03:08:06'),
(93, 52, 'Dr. Abigayle Johnson', 'Sit et aut dolores delectus rem. Quisquam consectetur non omnis reiciendis eum eveniet. Deserunt accusamus delectus autem et voluptatem rerum. Earum quo vitae repudiandae ducimus nulla id possimus.', 2, '2019-03-22 03:08:06', '2019-03-22 03:08:06'),
(94, 104, 'Osvaldo Fahey', 'Repellat delectus unde voluptas. Nulla ratione ullam velit illum unde. Architecto accusamus et tempora quae accusantium voluptate nostrum in.', 3, '2019-03-22 03:08:06', '2019-03-22 03:08:06'),
(95, 91, 'Adan Simonis', 'Consequatur suscipit inventore sint neque harum. Officia laboriosam consectetur tempora. Omnis quasi officia quo aut sed.', 3, '2019-03-22 03:08:06', '2019-03-22 03:08:06'),
(96, 19, 'Gail Feil', 'Repellendus explicabo aut incidunt atque. Facilis quod minus velit. Odio enim nisi illo sit. Est modi praesentium sequi et in.', 3, '2019-03-22 03:08:07', '2019-03-22 03:08:07'),
(97, 64, 'Ford Moen', 'Suscipit perspiciatis suscipit expedita dolores accusantium. Ad et ut repudiandae aut. Autem delectus asperiores reprehenderit tempore sunt voluptatem odit in.', 0, '2019-03-22 03:08:07', '2019-03-22 03:08:07'),
(98, 67, 'Prof. Shanny Bauch Jr.', 'Numquam dolor minus vel in illum quam. Iure aut facilis ullam. Reprehenderit eligendi rerum minus fugit natus et. Aut asperiores est laboriosam quas dignissimos. Voluptas autem corporis quae tempora vero velit rerum quo.', 5, '2019-03-22 03:08:07', '2019-03-22 03:08:07'),
(99, 61, 'Santina O\'Hara', 'Vel deleniti repellendus non consectetur nihil. Voluptatem eum magni voluptate ut dolor non nostrum libero.', 1, '2019-03-22 03:08:07', '2019-03-22 03:08:07'),
(100, 72, 'Emile Schneider', 'Aut vero dolorum beatae iste autem. Debitis nemo et minima enim et facere tenetur. Deserunt a nostrum eos quo.', 3, '2019-03-22 03:08:07', '2019-03-22 03:08:07'),
(101, 56, 'Mr. Antwan Leffler Jr.', 'Earum aliquid et voluptatum ad molestias nihil. Ut adipisci nihil cumque ullam. Sequi natus tempora rem est nisi repellendus ratione. Vel ipsa quo minus neque minima sint.', 4, '2019-03-22 03:08:07', '2019-03-22 03:08:07'),
(102, 141, 'Miss Bernice Schaden', 'Cupiditate fuga nulla quis sit deleniti laudantium sed. Non maiores laboriosam non nam unde. Provident ducimus provident placeat quos sunt laboriosam.', 0, '2019-03-22 03:08:07', '2019-03-22 03:08:07'),
(103, 22, 'Mack Purdy', 'Aperiam rerum non officia unde quis. Accusantium eum qui autem est. Reiciendis eius odio ratione maiores vitae officiis.', 3, '2019-03-22 03:08:07', '2019-03-22 03:08:07'),
(104, 63, 'Dora Mueller', 'Fuga quia in molestias. Quisquam aut nihil ullam. Veniam voluptas quam occaecati odio officiis qui maiores tenetur. Et ea minima perspiciatis aliquam doloribus ut ratione. Temporibus qui necessitatibus et repellat cum cumque.', 2, '2019-03-22 03:08:07', '2019-03-22 03:08:07'),
(105, 30, 'Gina Medhurst', 'Et quae possimus error. Sit fuga in perspiciatis assumenda numquam eos. Tempore exercitationem error expedita voluptas nihil facilis aut.', 2, '2019-03-22 03:08:07', '2019-03-22 03:08:07'),
(106, 16, 'Lou DuBuque', 'Eaque voluptates alias id. Error temporibus ut quod aut perferendis consequatur ut. Nulla enim quis non alias rerum cupiditate.', 3, '2019-03-22 03:08:07', '2019-03-22 03:08:07'),
(107, 109, 'Sincere Altenwerth', 'Sequi incidunt temporibus dolore quaerat rerum. Illo debitis corporis voluptatem id. Omnis culpa hic corrupti officiis est eum nemo. Adipisci dolor ipsam quaerat sint quidem aut. Beatae vel illum eos in ullam dignissimos cumque.', 5, '2019-03-22 03:08:07', '2019-03-22 03:08:07'),
(108, 22, 'Lela Fadel', 'Quis maxime consequatur tempore quia. Omnis voluptatibus molestias at vel et qui. Nobis ut commodi in exercitationem veniam molestiae occaecati.', 5, '2019-03-22 03:08:07', '2019-03-22 03:08:07'),
(109, 94, 'Spencer Rolfson', 'Voluptas facilis voluptatem perspiciatis ullam sit laboriosam. Rem rem consequatur minus quaerat autem. Consequuntur omnis consequatur magni dicta et. Iusto non rerum perferendis saepe aperiam eveniet.', 0, '2019-03-22 03:08:07', '2019-03-22 03:08:07'),
(110, 141, 'Abbey Durgan DVM', 'Quia enim ex odit quis porro at facere. Quia ad nobis voluptates quaerat neque. Fugit earum et voluptatem vel quis incidunt nemo quam.', 2, '2019-03-22 03:08:07', '2019-03-22 03:08:07'),
(111, 2, 'Simone Kuphal', 'Quisquam nisi quia est reiciendis et. Ea corrupti omnis animi incidunt repellendus. Corporis culpa voluptate dolor consequatur quia. Iure sit qui a non earum est.', 0, '2019-03-22 03:08:07', '2019-03-22 03:08:07'),
(112, 2, 'Jazmin Anderson', 'Veritatis maiores est quo dolor minus qui amet. Voluptatem qui commodi occaecati delectus et labore. Aut modi commodi aut est ratione sit.', 3, '2019-03-22 03:08:08', '2019-03-22 03:08:08'),
(113, 3, 'Benny Ziemann II', 'Libero autem ullam et magnam qui sit ipsum. Corrupti magni laudantium eius eaque. Quia sequi cupiditate eum beatae ipsam.', 5, '2019-03-22 03:08:08', '2019-03-22 03:08:08'),
(114, 82, 'Angie Morissette DDS', 'Quidem est deserunt enim ipsa dolor cumque praesentium. Aut libero quos aut ut nihil tempore dolorum id. Aut aut et quia aliquam eos repellendus.', 1, '2019-03-22 03:08:08', '2019-03-22 03:08:08'),
(115, 99, 'Prof. Veronica Wilkinson', 'Vero officia sit nulla adipisci debitis quod laboriosam distinctio. Et ea velit voluptate sunt distinctio. Quia sunt libero quidem amet.', 2, '2019-03-22 03:08:08', '2019-03-22 03:08:08'),
(116, 79, 'Levi Adams', 'Exercitationem est est aliquam inventore praesentium voluptas. Quis iusto nihil voluptatem incidunt. Sunt tenetur aperiam illo aut.', 3, '2019-03-22 03:08:08', '2019-03-22 03:08:08'),
(117, 47, 'Dr. Luis Donnelly', 'Sit totam doloremque at nisi. Optio fugit eos fuga quia eum. Deserunt quod quasi maiores similique optio dolorem fuga expedita.', 4, '2019-03-22 03:08:08', '2019-03-22 03:08:08'),
(118, 34, 'Eldred King I', 'Alias dolores id quod voluptas non. Eveniet consectetur explicabo facilis itaque dolores quaerat porro. Sint neque ut illo magni quos in corrupti dolor. Vero libero quia porro officiis aliquam hic quas. Quo suscipit quidem ducimus dignissimos modi.', 3, '2019-03-22 03:08:08', '2019-03-22 03:08:08'),
(119, 67, 'Ms. Antonina Hackett I', 'Iusto dolores consequatur temporibus qui odit quod. Cupiditate et facere dolores vel in voluptatem tenetur. Esse fuga maiores ducimus explicabo architecto ut quaerat. Iure ea vitae perspiciatis sit dignissimos consequatur enim.', 1, '2019-03-22 03:08:08', '2019-03-22 03:08:08'),
(120, 90, 'Missouri Kulas MD', 'Est et animi qui exercitationem eum eligendi. Dolores iusto qui ab. Vero quas fugit occaecati et molestiae.', 2, '2019-03-22 03:08:08', '2019-03-22 03:08:08'),
(121, 31, 'Mr. Nolan Kris I', 'Natus sint fugit ducimus dolor vero autem. Ipsa non suscipit vitae ut qui. Nostrum veritatis officia autem eaque quaerat.', 0, '2019-03-22 03:08:08', '2019-03-22 03:08:08'),
(122, 79, 'Mrs. Geraldine Ortiz MD', 'Pariatur voluptas provident reiciendis iste. Delectus ex eligendi ducimus totam. Voluptatem quas sed consequatur qui quo omnis dolorum. Ut minima sunt est voluptates ut iste.', 2, '2019-03-22 03:08:08', '2019-03-22 03:08:08'),
(123, 51, 'Prof. Jada Dooley', 'Officia sed consequatur commodi fugit possimus consequatur. Repudiandae sed est at dolore nam rerum. Nesciunt quis voluptatem reiciendis occaecati natus quia impedit.', 3, '2019-03-22 03:08:08', '2019-03-22 03:08:08'),
(124, 43, 'Mr. Henry Bernier Sr.', 'Quisquam sed id dolorem. Corporis aut soluta nihil voluptas. Reiciendis vitae quia sed ex.', 0, '2019-03-22 03:08:08', '2019-03-22 03:08:08'),
(125, 45, 'Mr. Angus Krajcik', 'Quia mollitia est atque. Est omnis aut optio voluptatem id. Totam voluptate qui minus.', 4, '2019-03-22 03:08:08', '2019-03-22 03:08:08'),
(126, 101, 'Khalid Ortiz', 'Deleniti architecto maxime nobis veniam et labore. Omnis necessitatibus explicabo eveniet. Corrupti et doloremque unde in quae.', 5, '2019-03-22 03:08:08', '2019-03-22 03:08:08'),
(127, 30, 'Blaze Stehr', 'Enim possimus beatae occaecati qui. Sint voluptatum laborum amet veniam. Et et praesentium esse nulla non.', 4, '2019-03-22 03:08:08', '2019-03-22 03:08:08'),
(128, 38, 'Willis Miller', 'Quis rerum distinctio est voluptatem perspiciatis culpa molestiae. Magnam quod amet fugit pariatur neque hic laboriosam. Ducimus quo sit explicabo quo aut et architecto deserunt. Earum qui quidem laboriosam.', 2, '2019-03-22 03:08:08', '2019-03-22 03:08:08'),
(129, 91, 'Mrs. Reyna Herman III', 'Qui impedit iste sequi consequuntur qui. Dolor autem est iusto omnis laudantium. Molestiae dolores ipsa nisi fugit. Necessitatibus repellat perferendis consequatur repudiandae est.', 2, '2019-03-22 03:08:08', '2019-03-22 03:08:08'),
(130, 67, 'Jacey Erdman', 'Veritatis suscipit sit eos enim autem et. Molestias facere nesciunt enim tempore est repellendus voluptate. Deleniti magni temporibus praesentium qui. Asperiores sit architecto id hic sapiente rem sequi nisi.', 3, '2019-03-22 03:08:08', '2019-03-22 03:08:08'),
(131, 91, 'Carrie Walsh', 'Atque eveniet iusto eum voluptas officia impedit voluptatem. Rerum autem dicta et sit inventore autem adipisci.', 4, '2019-03-22 03:08:08', '2019-03-22 03:08:08'),
(132, 17, 'Mrs. Alfreda Ondricka', 'Non minus id corrupti magnam dolorem omnis ut voluptatum. Deserunt magnam qui dolor. Fuga culpa facilis omnis assumenda. Nam excepturi sunt enim.', 5, '2019-03-22 03:08:09', '2019-03-22 03:08:09'),
(133, 83, 'Prof. Bernice Ernser I', 'Odio voluptatum voluptates id et. Sequi accusamus quo quia accusamus cupiditate unde maxime. Dolores voluptates harum non sapiente aut pariatur ratione.', 5, '2019-03-22 03:08:09', '2019-03-22 03:08:09'),
(134, 74, 'Dr. Sharon Lehner', 'Ut voluptatibus possimus fugit quaerat enim eaque voluptates. Saepe nisi quod omnis. Magnam adipisci non rerum blanditiis.', 3, '2019-03-22 03:08:09', '2019-03-22 03:08:09'),
(135, 124, 'Prof. Vinnie Huel', 'Eos exercitationem eius quia consequatur consequatur non velit. Quidem dolor necessitatibus earum accusantium inventore. Aperiam vero et ipsam vel.', 1, '2019-03-22 03:08:09', '2019-03-22 03:08:09'),
(136, 27, 'Prudence Wyman', 'Et ut consequatur sit. A officia doloribus dolorem dolores iure nemo quisquam neque. Excepturi voluptatem et laboriosam.', 3, '2019-03-22 03:08:09', '2019-03-22 03:08:09'),
(137, 46, 'Dulce Sanford', 'Earum rerum sit est rem quia. Debitis minus qui ipsum iure labore adipisci. Autem inventore et consequatur vitae cupiditate vero. Temporibus et saepe dolor architecto voluptas.', 5, '2019-03-22 03:08:09', '2019-03-22 03:08:09'),
(138, 133, 'Lisandro Halvorson', 'Possimus maiores rerum voluptatibus ut laboriosam sequi quis. Nihil corporis sed unde ut unde. Quisquam deserunt repellat a laboriosam doloribus.', 5, '2019-03-22 03:08:09', '2019-03-22 03:08:09'),
(139, 60, 'Anabel Ondricka', 'Ea unde rerum accusantium totam velit expedita. Deserunt rerum est veniam qui ipsa et. Quia voluptas sint architecto ducimus. Provident repellendus eum non qui magnam facilis officiis.', 2, '2019-03-22 03:08:09', '2019-03-22 03:08:09'),
(140, 51, 'Mr. Consuelo Doyle III', 'Ad assumenda non et ut delectus. Corrupti fugit reprehenderit eum sapiente quidem qui. Assumenda repudiandae velit impedit omnis cum ratione.', 3, '2019-03-22 03:08:09', '2019-03-22 03:08:09'),
(141, 7, 'Jerad Funk', 'Esse nesciunt optio et et ex a. Voluptas necessitatibus natus doloribus et. Debitis neque et sed culpa doloremque. Odio nulla sed qui sit ut non aut.', 0, '2019-03-22 03:08:09', '2019-03-22 03:08:09'),
(142, 26, 'Mr. Brody O\'Keefe V', 'Aperiam et aspernatur et voluptatibus. Repellat ut cum at quia vel temporibus possimus aspernatur. Vel quis nihil debitis expedita quibusdam. Et aut recusandae voluptas occaecati voluptas id. Voluptatem non possimus beatae qui sed corrupti ratione quo.', 4, '2019-03-22 03:08:09', '2019-03-22 03:08:09'),
(143, 141, 'Jodie Wintheiser', 'Hic eaque aperiam enim et. Eligendi qui sapiente consequatur. Sunt eaque culpa ab cumque aut molestiae. Odit ipsam non eius maiores magnam impedit expedita.', 3, '2019-03-22 03:08:09', '2019-03-22 03:08:09'),
(144, 130, 'Prof. Easton Quigley PhD', 'Quia corporis voluptatem sed omnis maxime rerum hic quo. Nemo a ut deserunt est. Hic vero exercitationem distinctio autem debitis sed natus. Aut enim facere soluta consectetur.', 4, '2019-03-22 03:08:09', '2019-03-22 03:08:09'),
(145, 81, 'Daniela Goyette', 'Sint recusandae numquam repudiandae et et et. Aut quia nam quia minus quo animi. Illo non qui repellat doloremque. Asperiores cum laborum non perferendis.', 1, '2019-03-22 03:08:09', '2019-03-22 03:08:09'),
(146, 14, 'Una Greenfelder', 'Et rem corporis corrupti saepe aut beatae nihil. Est quisquam dolorem ut dolores. Dolorem possimus dolor ut.', 2, '2019-03-22 03:08:09', '2019-03-22 03:08:09'),
(147, 46, 'Lorena Bernier', 'Enim sunt perspiciatis quos itaque consequuntur. Sint doloribus doloribus consequatur quia. Fugit incidunt recusandae beatae illo quidem laudantium. Veritatis distinctio velit ut eum sint ex blanditiis.', 1, '2019-03-22 03:08:09', '2019-03-22 03:08:09'),
(148, 120, 'Enrico Schoen', 'Soluta ipsam quod necessitatibus necessitatibus id. Dolorum ut commodi et fuga in et velit. Neque rerum in doloremque earum repellendus dolorem. Voluptates sint sit nostrum cumque.', 4, '2019-03-22 03:08:09', '2019-03-22 03:08:09'),
(149, 84, 'Lesly Corwin', 'Non vitae itaque qui et eaque suscipit ea a. Consequatur ex vel quia quae aut. Eius eligendi est ipsam quisquam ratione cupiditate. Iste ipsam maiores suscipit eligendi est incidunt.', 4, '2019-03-22 03:08:09', '2019-03-22 03:08:09'),
(150, 44, 'Sydni Larkin Sr.', 'Distinctio adipisci rerum sit magni repellendus. Consequuntur et unde nemo amet inventore. Labore recusandae voluptatem cum tempore quia suscipit. Distinctio molestiae et et omnis dolorem quo quis. Voluptatem consequatur optio laudantium eligendi.', 2, '2019-03-22 03:08:09', '2019-03-22 03:08:09'),
(151, 148, 'Evan Rippin', 'Itaque quod ducimus veritatis modi. Sed cumque sapiente sapiente sint dolorem expedita. Enim ab placeat vel voluptas rerum.', 3, '2019-03-22 03:08:10', '2019-03-22 03:08:10'),
(152, 101, 'Dr. Marcos Schmitt', 'Ipsam atque dolor culpa. Labore quisquam et aut omnis ut. Laudantium sint aliquam ad dicta eaque. Velit velit qui omnis voluptas.', 5, '2019-03-22 03:08:10', '2019-03-22 03:08:10'),
(153, 53, 'Colin Rohan', 'Reiciendis est non fugiat commodi dolor. Culpa non sapiente numquam officiis beatae. Est eos voluptatem excepturi repellendus magni. Dolores aliquid quo nihil quam est possimus distinctio ipsum. Ea eligendi fugit et necessitatibus et nihil reiciendis.', 0, '2019-03-22 03:08:10', '2019-03-22 03:08:10'),
(154, 121, 'Maida Ondricka', 'Perspiciatis id et molestias repellendus. Aut soluta veritatis aut dolores aliquid eaque. Veniam eligendi earum necessitatibus aut culpa earum aspernatur cum. Eos nostrum molestiae corporis.', 0, '2019-03-22 03:08:10', '2019-03-22 03:08:10'),
(155, 74, 'Bonnie Ullrich', 'Eaque autem neque quam velit et excepturi corporis sint. Aut qui magni tenetur sed. Vero ea similique aliquid quasi ex. Molestias sunt expedita et cumque id veniam sint autem.', 4, '2019-03-22 03:08:10', '2019-03-22 03:08:10'),
(156, 136, 'Rosalinda Tremblay', 'Et quisquam eveniet porro sit est. Pariatur animi ut quidem quisquam non consequatur unde. Enim sequi ad ut.', 5, '2019-03-22 03:08:10', '2019-03-22 03:08:10'),
(157, 74, 'Era Gibson', 'Explicabo at debitis velit omnis. Soluta quis et molestiae aperiam sint modi. Nam est repellat cupiditate fuga beatae. Ut fuga debitis consectetur dicta vero. Quas ut iste fuga amet repellendus ipsum.', 5, '2019-03-22 03:08:10', '2019-03-22 03:08:10'),
(158, 147, 'Mrs. Robyn Kshlerin', 'Occaecati rerum quibusdam autem molestiae explicabo dolorum provident. Debitis qui odio sit est voluptatibus. Voluptate impedit et aut minus assumenda.', 5, '2019-03-22 03:08:10', '2019-03-22 03:08:10'),
(159, 28, 'Lea Schumm', 'Id et quidem quisquam est sit. Dolores harum consequatur officiis quibusdam placeat in qui.', 3, '2019-03-22 03:08:10', '2019-03-22 03:08:10'),
(160, 26, 'Natalia Wilkinson Sr.', 'Iure placeat incidunt ab facilis sed. Vero et eos recusandae voluptatum dolor architecto quia. Quam eligendi cumque enim et necessitatibus eveniet sunt.', 1, '2019-03-22 03:08:10', '2019-03-22 03:08:10'),
(161, 101, 'Georgette Mertz', 'Quia tempore consequatur nihil aspernatur sit eligendi magnam sit. Ea qui eos dicta iusto error ut. Ab harum sequi molestias qui aut. Pariatur fugiat sapiente non error suscipit ut eum fugit.', 0, '2019-03-22 03:08:10', '2019-03-22 03:08:10'),
(162, 86, 'Dr. Harold Willms IV', 'Iusto quam quia voluptatem. Et sed eligendi nostrum animi voluptates. Eveniet laudantium quod et eum consequatur.', 1, '2019-03-22 03:08:10', '2019-03-22 03:08:10'),
(163, 13, 'Burnice Wunsch', 'Nihil iure distinctio rem soluta ipsum accusamus. Rerum vero quam mollitia vel. Sunt aut pariatur quia officiis voluptas.', 4, '2019-03-22 03:08:10', '2019-03-22 03:08:10'),
(164, 107, 'Shanon Nicolas', 'Iure error quam accusamus praesentium pariatur recusandae hic. Non illum accusamus odio accusantium. Illum quis ullam dolorum recusandae facere.', 3, '2019-03-22 03:08:10', '2019-03-22 03:08:10'),
(165, 77, 'Beverly Russel', 'Dolorum sint placeat totam illo quisquam. Enim quos in qui et. Omnis cum aspernatur id a laborum ipsam qui. Necessitatibus sed vel molestias eius nulla dolorem rerum.', 3, '2019-03-22 03:08:10', '2019-03-22 03:08:10'),
(166, 15, 'Alek Gerlach', 'Excepturi temporibus vel quia fuga atque iure ab. Tempore saepe qui eligendi quasi et minima voluptatum. Nesciunt nihil magni et aperiam quo non beatae.', 4, '2019-03-22 03:08:10', '2019-03-22 03:08:10'),
(167, 109, 'Dr. Ebony Jacobs II', 'Similique voluptas velit ut reprehenderit. Delectus quo aspernatur harum numquam. Vel ea ipsa et impedit recusandae.', 5, '2019-03-22 03:08:10', '2019-03-22 03:08:10'),
(168, 32, 'Maximilian Douglas', 'Atque aliquid odit non laborum eos numquam itaque. Consequuntur totam aut quo officiis nostrum vel a blanditiis. Ut sunt repellat libero aperiam ut. Debitis distinctio hic sunt deserunt.', 0, '2019-03-22 03:08:10', '2019-03-22 03:08:10'),
(169, 24, 'Ora Daugherty III', 'Similique officia rerum ipsa magni. Doloribus laboriosam ut ad consectetur esse quas nam. Ut dolorem voluptatem hic consectetur qui ut.', 4, '2019-03-22 03:08:10', '2019-03-22 03:08:10'),
(170, 144, 'Beth Kuhn', 'Dolor sequi nisi unde. Harum et sed commodi dignissimos. Ut corrupti qui non tempora. Est rerum voluptatem qui ipsam mollitia.', 4, '2019-03-22 03:08:10', '2019-03-22 03:08:10'),
(171, 141, 'Cooper Pagac II', 'Dicta unde ab dolore commodi laboriosam sit. Sed dolores architecto ea nobis tempora debitis. Molestias asperiores dolorem qui quisquam.', 4, '2019-03-22 03:08:11', '2019-03-22 03:08:11'),
(172, 37, 'Prof. Laury Robel PhD', 'Et autem libero adipisci rerum facere ut. Minima consequuntur quibusdam nisi quas ut. Ut accusantium nulla hic autem officia. Doloremque provident voluptatum quasi id possimus labore.', 1, '2019-03-22 03:08:11', '2019-03-22 03:08:11'),
(173, 89, 'Dejah Hudson', 'Aut et sit maiores porro. Ullam voluptatem quos aut est facere. Necessitatibus sed sequi aperiam beatae sunt doloremque saepe.', 3, '2019-03-22 03:08:11', '2019-03-22 03:08:11'),
(174, 17, 'Diego O\'Hara', 'Omnis accusamus aperiam vel quam sed eum. Dolorum tempore ut rerum. Ut qui optio non eligendi aut. Inventore provident velit delectus at sed amet consequatur enim.', 3, '2019-03-22 03:08:11', '2019-03-22 03:08:11'),
(175, 28, 'Miss Gladyce Wolf', 'Est eos doloremque illum voluptatem. Architecto suscipit ut quisquam et quia sed. Incidunt quidem tempora maiores consequuntur tempore. Ex atque aspernatur rerum consequatur eligendi.', 3, '2019-03-22 03:08:11', '2019-03-22 03:08:11'),
(176, 117, 'Mr. Anthony Rice', 'Repellendus veniam consequatur ex voluptatem hic ex. Ratione voluptatibus eligendi accusantium vero. Sed cumque omnis ut beatae.', 0, '2019-03-22 03:08:11', '2019-03-22 03:08:11'),
(177, 141, 'Prof. Orval Huels', 'Voluptatem aperiam perferendis quia in qui. Nobis natus eos ipsa sequi eos ullam. Nam corrupti ut a qui quis.', 4, '2019-03-22 03:08:11', '2019-03-22 03:08:11'),
(178, 87, 'Orland Koss', 'Illo non hic amet eos. Optio quia libero quis qui similique magni ut nobis. Dolores quod officia et ipsum est eos reiciendis cumque. Numquam doloribus impedit labore sequi nemo vel non.', 3, '2019-03-22 03:08:11', '2019-03-22 03:08:11'),
(179, 132, 'Mrs. Rosanna Goldner', 'Inventore nihil corrupti perferendis sint. Exercitationem praesentium minima ipsam. Magni eos facere iusto rerum repellendus et rem.', 2, '2019-03-22 03:08:11', '2019-03-22 03:08:11'),
(180, 92, 'Haven Schroeder', 'Similique odio et sed exercitationem expedita. Perspiciatis molestiae vitae laudantium ut officia molestiae. Eum eum officiis vel dolore. Laboriosam est quia eius nihil eligendi est qui.', 3, '2019-03-22 03:08:11', '2019-03-22 03:08:11'),
(181, 24, 'Dejon Muller', 'Sit ut sunt in enim illum nihil eaque. Nulla ratione magnam asperiores est officiis voluptas et. Placeat et excepturi ea fugit consequatur. Molestias perspiciatis dolores aut sed voluptatem repellat.', 2, '2019-03-22 03:08:11', '2019-03-22 03:08:11'),
(182, 55, 'Miller Hoeger DDS', 'Voluptatem dolorem autem nulla. Fuga earum corrupti voluptates veritatis eius amet et. Distinctio quaerat facilis sed vitae quibusdam similique est. Sunt odio totam fugiat aut.', 4, '2019-03-22 03:08:11', '2019-03-22 03:08:11'),
(183, 53, 'Mrs. Sydnee Zulauf I', 'Quo aut nihil est. Tempore eligendi nihil dolorem ut blanditiis a dolorem ratione. Quis voluptas molestiae autem asperiores fugiat rerum. Magnam sit quidem dolores corporis quidem doloribus.', 2, '2019-03-22 03:08:11', '2019-03-22 03:08:11'),
(184, 80, 'Kelvin Nader', 'Voluptatem dignissimos tempore et voluptatem dolores. Aliquid sapiente dolorum ex molestiae maiores. Qui aut sed ut minima facere. Dolore dolor eos doloribus unde in. Numquam similique ratione est eaque tenetur impedit.', 1, '2019-03-22 03:08:11', '2019-03-22 03:08:11'),
(185, 38, 'Prof. Electa Skiles', 'Consequatur fugiat dolorum non inventore ut illum et pariatur. Ut voluptatem nihil quaerat quos numquam eveniet. Ea eveniet expedita sed occaecati quidem voluptatem consequatur. Tempore iure id tempore cupiditate voluptas commodi magnam voluptatem.', 0, '2019-03-22 03:08:11', '2019-03-22 03:08:11'),
(186, 34, 'Landen Dibbert', 'Ipsa sit reiciendis temporibus recusandae pariatur fuga. Dolores velit odit laboriosam facilis. Repudiandae beatae laborum dolorem odio doloribus et et.', 3, '2019-03-22 03:08:11', '2019-03-22 03:08:11'),
(187, 98, 'Danny Johnson', 'Porro veniam modi quod aut. Officia qui dolores nihil exercitationem sint voluptate.', 5, '2019-03-22 03:08:12', '2019-03-22 03:08:12'),
(188, 113, 'Dorris Kovacek', 'Et amet aut numquam non quia. Porro inventore dolores pariatur libero.', 2, '2019-03-22 03:08:12', '2019-03-22 03:08:12'),
(189, 119, 'Dr. Nathen Schumm III', 'Laudantium voluptatum fugit suscipit perferendis maiores veritatis. Voluptatibus perferendis a et eligendi mollitia vitae occaecati. Voluptatem laudantium expedita ut modi.', 3, '2019-03-22 03:08:12', '2019-03-22 03:08:12'),
(190, 139, 'Antoinette Reynolds I', 'Asperiores perferendis dolore maiores. Dolor blanditiis rerum sequi voluptates cupiditate sunt facere. Hic dolorum eum qui eveniet. Et nemo quisquam occaecati.', 2, '2019-03-22 03:08:12', '2019-03-22 03:08:12'),
(191, 79, 'Mr. Kameron Bruen', 'Aperiam est perferendis quis rerum velit. In quaerat nisi earum accusantium ea. Est dolorem ipsam soluta aut quas cumque alias ut.', 4, '2019-03-22 03:08:12', '2019-03-22 03:08:12'),
(192, 8, 'Dr. Kiley Upton', 'Et sed sapiente eos et quidem aut. Ut ut iusto accusamus dolore provident libero. Aut id quibusdam quia consequatur omnis accusantium. Aut libero quasi sequi sed.', 3, '2019-03-22 03:08:12', '2019-03-22 03:08:12'),
(193, 49, 'Francisca Batz', 'Eveniet aspernatur quo et sunt et. Assumenda qui soluta eos ducimus nisi beatae accusantium. Quas placeat consectetur soluta et enim ut earum. Quia aut rem pariatur quos velit nulla et placeat.', 2, '2019-03-22 03:08:12', '2019-03-22 03:08:12'),
(194, 24, 'Juliana Haag', 'Nihil dicta cupiditate et provident dignissimos. Nemo dolorem hic voluptate ab voluptatem voluptatem doloribus. Reiciendis nobis rerum sed eaque molestias molestiae ut. Libero nobis tenetur aliquam sint sit omnis.', 5, '2019-03-22 03:08:12', '2019-03-22 03:08:12'),
(195, 12, 'Demetris Heaney', 'Atque facilis facere mollitia earum. Incidunt ipsum amet molestias unde nostrum laborum. Et quibusdam temporibus molestiae placeat officia ratione.', 2, '2019-03-22 03:08:12', '2019-03-22 03:08:12'),
(196, 119, 'Isadore Gerlach', 'Vitae sequi quos eos. Sunt rerum dolores asperiores non laborum expedita quasi. Tempora soluta deleniti quam occaecati et similique laudantium id.', 1, '2019-03-22 03:08:12', '2019-03-22 03:08:12'),
(197, 19, 'Rossie Ebert DVM', 'Voluptas inventore tempora hic similique rem omnis. Et laudantium et deleniti quasi. Sint voluptas ut laboriosam. Pariatur temporibus qui qui a magni dolores ad.', 0, '2019-03-22 03:08:12', '2019-03-22 03:08:12'),
(198, 69, 'Prof. Nils Harvey DVM', 'Aut voluptatibus velit enim harum id. Sapiente nulla provident non autem amet et enim. Quia doloribus aperiam voluptatem expedita sed. Sit distinctio et voluptas ratione et. Cum ipsum dolorem earum voluptatibus praesentium sit esse harum.', 5, '2019-03-22 03:08:12', '2019-03-22 03:08:12'),
(199, 5, 'Mrs. Rebecca Lynch', 'Et quos earum voluptatem ratione laudantium qui ut. Dicta quo dolor et. Dolorem ipsum sint explicabo maiores magnam non ea.', 5, '2019-03-22 03:08:12', '2019-03-22 03:08:12'),
(200, 58, 'Golden Schuster I', 'Minus optio qui voluptas ipsa voluptatibus temporibus. Voluptatem nemo repellat iusto enim aperiam. Aut qui consectetur doloribus omnis id.', 2, '2019-03-22 03:08:12', '2019-03-22 03:08:12'),
(201, 64, 'Delia Yundt', 'Omnis et dolorem facere earum voluptatibus quas perspiciatis. Occaecati incidunt aliquam quia est beatae voluptate tenetur. Asperiores hic accusamus quia eius. Eaque doloremque vero voluptatem nemo nostrum quo autem.', 0, '2019-03-22 03:08:12', '2019-03-22 03:08:12'),
(202, 134, 'Pierre D\'Amore', 'Architecto ut aliquid aliquid sed eos totam quisquam. Sint iste dicta dicta. Assumenda et sed sed et omnis. Odio in voluptas similique sunt. Repellat mollitia rerum et quam omnis dicta aut.', 2, '2019-03-22 03:08:13', '2019-03-22 03:08:13'),
(203, 146, 'Eldora Mitchell', 'Dolorem quibusdam vero quo sed. Architecto possimus voluptatibus facere et dignissimos. Dolore saepe cum commodi quasi officiis sint fugiat.', 0, '2019-03-22 03:08:13', '2019-03-22 03:08:13'),
(204, 100, 'Mr. Delmer Upton Sr.', 'Aut et consequuntur voluptatum nobis et. Architecto suscipit aspernatur autem eos. Error asperiores voluptas iure dolorem.', 3, '2019-03-22 03:08:13', '2019-03-22 03:08:13'),
(205, 146, 'Karina Breitenberg', 'Sed vel aut dolor autem dolores occaecati ut laborum. Eligendi consequuntur neque non voluptas nihil. Enim enim et accusamus qui.', 2, '2019-03-22 03:08:13', '2019-03-22 03:08:13'),
(206, 128, 'Prof. Vita Durgan V', 'Similique sunt aut provident aut. Nihil at aperiam rerum omnis id ratione. Autem et vel vel quo delectus distinctio eos. Assumenda molestiae libero perspiciatis nihil.', 1, '2019-03-22 03:08:13', '2019-03-22 03:08:13'),
(207, 78, 'Krista Mohr', 'Quidem id in tempore deserunt. Id voluptatibus architecto incidunt animi. Earum cumque provident molestiae rerum nesciunt nulla.', 0, '2019-03-22 03:08:13', '2019-03-22 03:08:13'),
(208, 115, 'Alivia Howe', 'Aut fugit laborum sed facere nulla qui aperiam. Adipisci ut ut autem est. Nobis sit accusantium officia molestiae.', 2, '2019-03-22 03:08:13', '2019-03-22 03:08:13');
INSERT INTO `reviews` (`id`, `product_id`, `customer`, `review`, `star`, `created_at`, `updated_at`) VALUES
(209, 52, 'Dr. Fanny Conn', 'Quia dicta labore sapiente. Mollitia ad vel error officiis non et fugiat. Doloribus sequi et et dicta consequatur libero quaerat.', 3, '2019-03-22 03:08:13', '2019-03-22 03:08:13'),
(210, 48, 'Haley Fritsch', 'Explicabo dolorum minima illo aliquid optio. Voluptatem odio error maiores laboriosam quo. Amet cupiditate magnam hic cum et. Excepturi modi est aspernatur tempora nam quia in.', 4, '2019-03-22 03:08:13', '2019-03-22 03:08:13'),
(211, 116, 'Teagan Fritsch', 'Vel unde voluptas dolorem ipsam. Distinctio occaecati doloribus aut autem debitis autem. Accusamus accusamus ipsa officiis aperiam odit ratione voluptatum.', 5, '2019-03-22 03:08:13', '2019-03-22 03:08:13'),
(212, 7, 'Ceasar Abshire', 'Iure eum sed voluptatem dolore temporibus magni qui. Vel rerum tenetur vero numquam aut quia cupiditate. Et dolorem autem sapiente minus excepturi magni non corrupti.', 4, '2019-03-22 03:08:13', '2019-03-22 03:08:13'),
(213, 62, 'Shayne Treutel', 'Modi quod labore tenetur ad quia consequatur. Modi atque culpa exercitationem sed ab qui et.', 4, '2019-03-22 03:08:13', '2019-03-22 03:08:13'),
(214, 142, 'Prof. Zula Bogan', 'Nihil facilis voluptatem enim ipsa. Quis sit sit nisi enim tempore non qui fuga. Quisquam doloremque non harum aut omnis minus.', 5, '2019-03-22 03:08:13', '2019-03-22 03:08:13'),
(215, 90, 'Mr. Vinnie Rippin V', 'Similique ut maxime voluptatem recusandae sunt modi. Qui dolorem suscipit est et sunt iure. Eaque ex eum corporis impedit consectetur.', 4, '2019-03-22 03:08:13', '2019-03-22 03:08:13'),
(216, 6, 'Darren Luettgen', 'Dolores asperiores voluptates dolorem corrupti dolor. Magnam officiis voluptas et harum culpa eum. Reiciendis eaque eveniet est qui autem. Veniam ducimus sit sit rerum nemo.', 1, '2019-03-22 03:08:13', '2019-03-22 03:08:13'),
(217, 128, 'Gillian Pollich', 'Sit repellendus molestiae et magni et et. Occaecati velit ratione quisquam consequatur. Illo id reiciendis dolores est aut ducimus.', 3, '2019-03-22 03:08:13', '2019-03-22 03:08:13'),
(218, 18, 'Jesus Ziemann', 'Amet voluptate velit occaecati iste voluptatibus quo molestiae. Modi qui est fuga. Deserunt nemo dolore sed qui.', 1, '2019-03-22 03:08:13', '2019-03-22 03:08:13'),
(219, 123, 'Miss Maryse Zulauf IV', 'Distinctio molestiae et dolores quia eius consequuntur. Itaque sed veniam illum qui. Aut debitis dolores et aut quo autem. Repellat illum voluptas non dolor consequatur.', 1, '2019-03-22 03:08:13', '2019-03-22 03:08:13'),
(220, 17, 'Prof. Glenna Gleichner I', 'Explicabo cupiditate vitae autem saepe modi explicabo. Rerum corporis sit aut itaque. Maxime qui facere omnis consequatur suscipit possimus. Est quia fugiat nobis aspernatur.', 0, '2019-03-22 03:08:13', '2019-03-22 03:08:13'),
(221, 55, 'Margaretta Hermiston', 'Sint dolorem sed incidunt amet quia amet eum. Molestias odio quisquam deleniti et alias autem. Quia tenetur neque sit officia. Mollitia molestias exercitationem consequatur excepturi non consequuntur neque.', 5, '2019-03-22 03:08:14', '2019-03-22 03:08:14'),
(222, 103, 'Oral Mante IV', 'Sed quisquam at possimus. Ipsa est voluptatum placeat at. Sunt aut aut natus deleniti accusantium libero omnis.', 4, '2019-03-22 03:08:14', '2019-03-22 03:08:14'),
(223, 74, 'Seamus Kirlin', 'Quam totam facilis corrupti qui enim. Ratione est eveniet ut quia fugiat rerum aut. Quasi odit vitae et est consectetur nesciunt atque. Odio dolorem non veniam qui omnis.', 3, '2019-03-22 03:08:14', '2019-03-22 03:08:14'),
(224, 141, 'Prof. Madyson Baumbach MD', 'Cum aperiam recusandae veniam labore veritatis ut. Est sint cum repellendus ea optio. Omnis voluptatem quaerat consequatur sequi fuga recusandae. Quasi perspiciatis sed perspiciatis quia.', 2, '2019-03-22 03:08:14', '2019-03-22 03:08:14'),
(225, 105, 'Prof. Liza Hickle DVM', 'Debitis dolor error sint ratione dolorem. Qui vero iusto quos facere et impedit. Laboriosam magni facere libero magnam accusantium.', 3, '2019-03-22 03:08:14', '2019-03-22 03:08:14'),
(226, 63, 'Zachery Schimmel III', 'Unde at reprehenderit eaque consequuntur enim hic enim. Voluptas earum modi officia atque. Ut nisi eos deleniti incidunt expedita qui enim.', 3, '2019-03-22 03:08:14', '2019-03-22 03:08:14'),
(227, 146, 'Lindsey Gerhold', 'Fugit et culpa fugiat corrupti alias ipsam animi veniam. Magnam et accusamus perspiciatis atque id pariatur dolores ut. Eligendi labore temporibus architecto in eos debitis.', 5, '2019-03-22 03:08:14', '2019-03-22 03:08:14'),
(228, 54, 'Nelda Schamberger', 'Id iure rerum dolorum et iusto iure. Laudantium quos totam omnis atque soluta. In qui quasi beatae dolore. Velit dolore debitis sit dolor quibusdam quis.', 1, '2019-03-22 03:08:14', '2019-03-22 03:08:14'),
(229, 61, 'Miss Kailyn Green', 'Cumque adipisci cupiditate omnis quam. Quis non enim qui et est. Minus quis qui consequatur et ratione explicabo nobis. Aut voluptatem beatae quia voluptatem.', 1, '2019-03-22 03:08:14', '2019-03-22 03:08:14'),
(230, 136, 'Kathryn Konopelski', 'Dolores ipsa rerum incidunt est. Quod sint adipisci eum odit beatae temporibus. Perspiciatis nam doloremque ipsum. Qui ut aut necessitatibus assumenda magnam.', 0, '2019-03-22 03:08:14', '2019-03-22 03:08:14'),
(231, 136, 'Dr. Dean Schuppe III', 'Ut dicta dolorem et vero suscipit deserunt accusamus. Odit officia vitae et. Modi aut deserunt quis saepe ut delectus repellendus.', 5, '2019-03-22 03:08:14', '2019-03-22 03:08:14'),
(232, 63, 'Prof. Domenica Hilpert MD', 'Ipsam aut in ex excepturi dignissimos. Soluta consequatur odio in in doloribus dignissimos et harum. Est optio quo deleniti adipisci. Qui ut officiis beatae autem quibusdam cupiditate vel praesentium.', 2, '2019-03-22 03:08:14', '2019-03-22 03:08:14'),
(233, 94, 'Vladimir Torp', 'Voluptate nam accusamus quia ea consectetur. Sapiente ullam aspernatur sint provident. Reprehenderit qui sapiente aut nulla.', 0, '2019-03-22 03:08:14', '2019-03-22 03:08:14'),
(234, 74, 'Justine Legros', 'Et saepe ea inventore dolores iste dolor illo sed. Culpa necessitatibus blanditiis et sunt. Numquam sit soluta facilis qui quia.', 3, '2019-03-22 03:08:14', '2019-03-22 03:08:14'),
(235, 47, 'Prof. Lorna Kiehn', 'Quisquam aut incidunt quia blanditiis enim veniam. Nisi aut pariatur temporibus laborum soluta et ullam. Est veritatis sed natus eos ratione quaerat error.', 4, '2019-03-22 03:08:14', '2019-03-22 03:08:14'),
(236, 13, 'Lizeth Hessel', 'Animi sed repudiandae quia qui et non. Quibusdam qui sed sint et facere hic praesentium. Laudantium rem dolores sequi ipsum et ea eaque.', 1, '2019-03-22 03:08:14', '2019-03-22 03:08:14'),
(237, 46, 'Norma Cassin', 'Sit soluta laudantium nihil et maxime. Laborum unde accusantium in ut odit. Fugit et quae maxime et reiciendis animi.', 2, '2019-03-22 03:08:15', '2019-03-22 03:08:15'),
(238, 32, 'Mr. Vincenzo Olson', 'Magni veniam deleniti dolor. Ducimus enim ut consequatur porro. Minima aperiam asperiores nam dolorem aut tempore id.', 2, '2019-03-22 03:08:15', '2019-03-22 03:08:15'),
(239, 131, 'Prof. Allan Dach IV', 'Cupiditate nesciunt perspiciatis qui quaerat sint nobis quia. Cum et ipsam nobis ut commodi. Et in occaecati adipisci omnis aliquid qui. Vel corporis laborum earum quod qui veritatis autem velit.', 1, '2019-03-22 03:08:15', '2019-03-22 03:08:15'),
(240, 148, 'Graciela Heathcote', 'Aut illum explicabo quibusdam maxime. Officia maxime sit odio nihil. Amet ut unde qui soluta officia quisquam.', 2, '2019-03-22 03:08:15', '2019-03-22 03:08:15'),
(241, 127, 'Neha Bailey MD', 'Quas dolorum pariatur soluta atque impedit consequatur molestias. Molestias id eos id modi. Repellendus aliquam similique ut consequuntur placeat possimus esse.', 5, '2019-03-22 03:08:15', '2019-03-22 03:08:15'),
(242, 113, 'Merle Carter', 'Aut dolorum tenetur necessitatibus sit animi et laborum officia. Facilis iste sunt cupiditate dolorem atque id.', 1, '2019-03-22 03:08:15', '2019-03-22 03:08:15'),
(243, 87, 'Mrs. Leslie Hettinger V', 'Possimus dicta neque quae ea consequatur maiores. Tenetur cupiditate aliquam voluptatem deserunt id est quas soluta. Fugiat vitae eos placeat a expedita in dolor.', 4, '2019-03-22 03:08:15', '2019-03-22 03:08:15'),
(244, 140, 'Prof. Gia Renner Jr.', 'Voluptatem voluptate ex voluptatem voluptatem impedit. Et doloribus vero non natus recusandae. Cumque recusandae non eos ab.', 1, '2019-03-22 03:08:15', '2019-03-22 03:08:15'),
(245, 20, 'Oleta Moen Sr.', 'Aut quisquam earum sunt pariatur ipsam nihil quas est. Vero expedita asperiores eveniet ad.', 4, '2019-03-22 03:08:15', '2019-03-22 03:08:15'),
(246, 64, 'Conrad Schiller', 'Ex facere suscipit occaecati quia id id. Eos eius iste molestias autem cumque. Est voluptate molestiae ut totam eveniet et accusamus.', 4, '2019-03-22 03:08:15', '2019-03-22 03:08:15'),
(247, 130, 'Antonette Dickinson Jr.', 'Eligendi qui rem itaque consequatur saepe tenetur. Natus aut deserunt dolor veniam eos dolores eos. Sit perspiciatis architecto et ipsum. Mollitia iure iste ea id neque non cum.', 0, '2019-03-22 03:08:15', '2019-03-22 03:08:15'),
(248, 48, 'Margarett Paucek', 'Repellat quam ipsam distinctio beatae ut saepe et amet. Velit vero nisi quod aspernatur aut eum. Ut hic soluta magnam doloribus facilis tempora voluptate qui. Et quia aut quaerat numquam aut.', 1, '2019-03-22 03:08:15', '2019-03-22 03:08:15'),
(249, 101, 'Dr. Kristofer Dibbert PhD', 'Quos inventore eaque iste animi. Qui et ut rerum. In deserunt hic mollitia.', 5, '2019-03-22 03:08:15', '2019-03-22 03:08:15'),
(250, 115, 'Madalyn Braun', 'Libero ipsum dolore dolores quo. Ad amet itaque eos cum harum a et. Libero quo quaerat et velit asperiores.', 1, '2019-03-22 03:08:15', '2019-03-22 03:08:15'),
(251, 132, 'Amya Howe', 'Velit quisquam fugit ut quam aliquam. Ea maxime velit illo ipsam aperiam quasi libero. Voluptatibus illum officia asperiores ipsa recusandae. Qui sint laudantium fugit alias perferendis.', 3, '2019-03-22 03:08:15', '2019-03-22 03:08:15'),
(252, 4, 'Prof. Danielle Morar II', 'Magnam quae voluptatem ratione error reprehenderit. Nemo provident nulla harum inventore. Consequuntur asperiores et aut autem rerum mollitia et. Quia labore quasi veritatis sed.', 0, '2019-03-22 03:08:16', '2019-03-22 03:08:16'),
(253, 17, 'Maximillian Paucek', 'Ad ea voluptatum qui culpa magni vitae cumque. Voluptatem voluptas voluptatibus ducimus dolores. Cupiditate et ipsa et voluptatum dolorum.', 0, '2019-03-22 03:08:16', '2019-03-22 03:08:16'),
(254, 52, 'Cordelia Reynolds', 'Numquam nesciunt maxime nulla. Odio sed voluptas est sit est ratione eveniet. Pariatur non est omnis id distinctio ut natus.', 0, '2019-03-22 03:08:16', '2019-03-22 03:08:16'),
(255, 98, 'Jayson Mueller Sr.', 'Eaque id ullam a esse cupiditate ipsa. Molestias id placeat sed dolorem qui voluptas. Reiciendis quam id distinctio saepe sed porro recusandae sunt. Sit eum ab enim omnis omnis. Sit eius iste pariatur non at doloribus nulla.', 5, '2019-03-22 03:08:16', '2019-03-22 03:08:16'),
(256, 33, 'Mrs. Serenity Dare III', 'Corporis ut tenetur eum et ea enim ducimus. Sapiente voluptatum consequatur quis totam omnis dolore. Laudantium consequatur omnis suscipit id commodi magni.', 5, '2019-03-22 03:08:16', '2019-03-22 03:08:16'),
(257, 88, 'Norwood Gleason', 'Qui beatae harum magnam culpa aut enim. Pariatur quaerat labore fugit eveniet vitae ut autem. Libero expedita libero nisi voluptatem similique. Possimus amet ullam repellendus aperiam cupiditate quia.', 2, '2019-03-22 03:08:16', '2019-03-22 03:08:16'),
(258, 107, 'Collin Lang', 'Harum rerum voluptas aliquam optio dolor. Provident velit in adipisci eum impedit. Rerum sed et et nesciunt impedit rerum ut.', 5, '2019-03-22 03:08:16', '2019-03-22 03:08:16'),
(259, 97, 'Mr. Easton Hyatt IV', 'Earum est culpa totam possimus at illum atque. Nihil consequuntur enim qui eaque omnis. Voluptatem ex voluptatem et eaque qui possimus magni eos. Soluta architecto adipisci atque deleniti praesentium accusamus officiis.', 4, '2019-03-22 03:08:17', '2019-03-22 03:08:17'),
(260, 82, 'Bennett Bogan', 'Deserunt autem molestias quis repellat sint. Totam non minus qui ut. Cumque voluptas labore sunt deleniti. Nisi deserunt quia facilis nemo.', 3, '2019-03-22 03:08:17', '2019-03-22 03:08:17'),
(261, 140, 'Ora Schuppe', 'Sit quasi rerum nihil quia aut nostrum. Non reiciendis officiis molestiae quia. Odit blanditiis consequatur vitae sed et.', 1, '2019-03-22 03:08:17', '2019-03-22 03:08:17'),
(262, 28, 'Cecelia Kerluke', 'Quisquam quia voluptas voluptates voluptatibus reiciendis. Nihil cum tempora necessitatibus modi. Et aperiam explicabo similique quia dolorem qui qui ullam. Eos rerum perspiciatis sed neque saepe facilis.', 2, '2019-03-22 03:08:18', '2019-03-22 03:08:18'),
(263, 1, 'Stanton Rau', 'Ex sint odio quam accusantium. Pariatur omnis nisi placeat in in omnis. Totam earum expedita error nostrum consectetur necessitatibus blanditiis et.', 4, '2019-03-22 03:08:18', '2019-03-22 03:08:18'),
(264, 5, 'Greg Bednar', 'Labore reprehenderit rerum et. Hic cupiditate aut est eum accusantium provident. Iste aut provident magni sit aut.', 5, '2019-03-22 03:08:18', '2019-03-22 03:08:18'),
(265, 136, 'Abbigail Aufderhar MD', 'Rem quisquam ut nihil perspiciatis dolorem itaque. Doloremque accusantium earum molestiae id voluptas fugit. Placeat nobis labore reprehenderit laudantium.', 4, '2019-03-22 03:08:18', '2019-03-22 03:08:18'),
(266, 71, 'Doyle Beier', 'Tenetur suscipit illo suscipit ut doloremque dolorem sit. Consequatur sunt molestiae omnis et. Sed est rem quasi odit.', 4, '2019-03-22 03:08:18', '2019-03-22 03:08:18'),
(267, 33, 'Prof. Virginia Kshlerin', 'Voluptate porro unde occaecati accusamus. Quibusdam exercitationem rerum asperiores pariatur. Libero quisquam similique sit corrupti et.', 0, '2019-03-22 03:08:18', '2019-03-22 03:08:18'),
(268, 85, 'Toni Lubowitz IV', 'Veniam eligendi inventore maxime dolorum sapiente consequuntur molestias. Quod sunt et voluptatum at quidem. Doloribus expedita aliquid quis ut cumque qui. Tempora ratione incidunt id culpa rerum nulla voluptatem.', 2, '2019-03-22 03:08:18', '2019-03-22 03:08:18'),
(269, 94, 'Prof. Ismael Sauer Jr.', 'Nulla itaque qui repellat porro. Ducimus rem illo excepturi blanditiis ipsum quam placeat. Deserunt reprehenderit itaque soluta totam rerum explicabo.', 4, '2019-03-22 03:08:18', '2019-03-22 03:08:18'),
(270, 91, 'Rusty Mertz', 'Rerum vel perferendis laudantium sint sit error. Ipsum laboriosam libero vel aperiam aut et placeat. Nihil odit veniam deleniti.', 3, '2019-03-22 03:08:18', '2019-03-22 03:08:18'),
(271, 149, 'Prof. Presley Fadel II', 'Praesentium totam consequatur et alias nam. Odio suscipit qui nostrum molestias nulla corrupti. Aut officiis omnis nemo quis eius nesciunt.', 5, '2019-03-22 03:08:18', '2019-03-22 03:08:18'),
(272, 112, 'Nia Hyatt V', 'Vitae fugiat quas sint id voluptas eveniet quia esse. Enim a beatae consequatur omnis. A quis beatae quos velit suscipit itaque fuga.', 4, '2019-03-22 03:08:19', '2019-03-22 03:08:19'),
(273, 147, 'Eve Hermiston', 'Molestias expedita omnis quia provident. Modi debitis accusantium et et doloribus autem eum. Et commodi asperiores deserunt ut quia eveniet natus. Ut sit doloribus corrupti veniam maiores et repudiandae suscipit. Atque cupiditate et aut impedit.', 2, '2019-03-22 03:08:19', '2019-03-22 03:08:19'),
(274, 105, 'Mrs. Maya Brakus PhD', 'Ab laborum quod quis aspernatur. Velit assumenda dolorem minus libero in. Dolorum quasi perferendis numquam qui id aut quas.', 0, '2019-03-22 03:08:19', '2019-03-22 03:08:19'),
(275, 56, 'Prof. Lee Beier V', 'Nulla quasi animi numquam aliquid nihil. Atque mollitia omnis accusamus commodi beatae alias. Assumenda omnis natus aut eveniet fuga a illum sed.', 4, '2019-03-22 03:08:19', '2019-03-22 03:08:19'),
(276, 95, 'Domenica White', 'Dolorem facilis iure sed quia quos qui. Non et autem distinctio rerum quos fuga enim. Debitis in quia voluptatibus ad. In dicta inventore aut accusantium et reprehenderit.', 2, '2019-03-22 03:08:19', '2019-03-22 03:08:19'),
(277, 117, 'Eva Murray', 'Porro omnis debitis sed ut voluptas praesentium quod laudantium. Quisquam quos eveniet omnis repudiandae. Ut asperiores quia et aut ipsa numquam aut. Non enim reiciendis voluptas dolores nulla qui. Non est officiis impedit beatae tempore optio quo.', 3, '2019-03-22 03:08:19', '2019-03-22 03:08:19'),
(278, 8, 'Kyler Lehner III', 'Aut eius tempora ratione veniam eius sint quod aut. Consequatur beatae ab velit et. Amet beatae consequatur recusandae hic sapiente voluptatum sed sint.', 4, '2019-03-22 03:08:19', '2019-03-22 03:08:19'),
(279, 91, 'Kaylah Toy', 'Nostrum accusamus nihil eum pariatur corrupti assumenda eum. Quam sapiente natus dignissimos laboriosam. Est quibusdam et laboriosam illum cum omnis et.', 5, '2019-03-22 03:08:19', '2019-03-22 03:08:19'),
(280, 22, 'Prof. Colleen Schoen', 'Vero impedit et tenetur dolorum fugit saepe deleniti. Et autem accusamus molestiae earum. Illum nobis quis consequatur sint est enim amet.', 3, '2019-03-22 03:08:19', '2019-03-22 03:08:19'),
(281, 150, 'Silas Zulauf', 'Ut quaerat saepe illum. Alias nihil dolorum quaerat quidem. Harum ut ea beatae adipisci labore non autem. Autem nostrum nam veniam enim atque.', 3, '2019-03-22 03:08:19', '2019-03-22 03:08:19'),
(282, 67, 'Dr. Guiseppe Schumm', 'Porro esse dolorem vel natus quos. Ex suscipit voluptatum a sit harum ut beatae.', 5, '2019-03-22 03:08:19', '2019-03-22 03:08:19'),
(283, 121, 'Holden Walsh', 'Delectus dolore debitis occaecati asperiores quia commodi et. Ipsam et iusto neque alias sed. Sit sunt illum expedita beatae repellendus reiciendis. Pariatur nostrum sed dolores velit.', 0, '2019-03-22 03:08:19', '2019-03-22 03:08:19'),
(284, 40, 'Ms. Brandyn Zboncak IV', 'Sed et velit corrupti eligendi a doloremque dolor. Eius qui sed delectus quis aut qui. Aperiam nisi dolores qui assumenda natus facere aut quia. Ducimus enim esse numquam sapiente et. Est sunt dolores saepe.', 2, '2019-03-22 03:08:20', '2019-03-22 03:08:20'),
(285, 114, 'Regan Greenfelder', 'Ducimus maxime aspernatur dicta et corrupti. Velit odit illum autem quis. Autem harum cupiditate consequatur qui enim. Cum laudantium nam vero sint illo.', 3, '2019-03-22 03:08:20', '2019-03-22 03:08:20'),
(286, 62, 'Macey McClure', 'Earum aliquam deserunt minus. Sunt explicabo enim aperiam ipsum voluptas excepturi est. Et qui consequuntur debitis et quis fuga. Eum consequatur ea repudiandae omnis.', 2, '2019-03-22 03:08:20', '2019-03-22 03:08:20'),
(287, 17, 'Prof. Darryl Huel I', 'Ratione et culpa nemo nemo minus possimus dolores. Magni ab quia amet vel sint consequatur sequi. Qui repellendus laudantium nisi iste maxime neque reprehenderit. Omnis ipsam iure ipsum soluta tempore vero.', 5, '2019-03-22 03:08:20', '2019-03-22 03:08:20'),
(288, 82, 'Zion Marvin', 'Magnam non ut aliquam et molestiae modi quibusdam itaque. Architecto quisquam error beatae molestiae dolorum et quidem aperiam. Occaecati quod error facilis quo qui.', 0, '2019-03-22 03:08:20', '2019-03-22 03:08:20'),
(289, 92, 'Davin Skiles IV', 'Dolorum odit eaque quo officiis fugit ut deserunt in. Blanditiis velit nemo corporis. Et sint omnis placeat omnis eos voluptatum. Impedit id tempora voluptatem culpa omnis.', 4, '2019-03-22 03:08:20', '2019-03-22 03:08:20'),
(290, 61, 'Darby Ankunding', 'Assumenda necessitatibus dolorem magni quia. Omnis corporis beatae quam voluptas. Nihil enim consequatur id sunt iste esse. Ut totam aut non.', 0, '2019-03-22 03:08:20', '2019-03-22 03:08:20'),
(291, 19, 'Felipa Batz', 'Voluptate ut et ea est ut. Totam aliquid ea corporis velit harum quas ea. Deserunt itaque harum qui autem dolor necessitatibus voluptatem. Nesciunt nulla odit et quia velit veritatis dolorum.', 5, '2019-03-22 03:08:20', '2019-03-22 03:08:20'),
(292, 40, 'Karlie Purdy', 'Delectus cum excepturi sequi in ut ut delectus. Earum modi consectetur quia corrupti atque veritatis cum. Cumque et ut ipsa quasi molestiae quidem aut. Dolor veritatis itaque perferendis id itaque rerum.', 1, '2019-03-22 03:08:20', '2019-03-22 03:08:20'),
(293, 87, 'Bernard Mayer MD', 'Voluptas quia sed autem architecto occaecati ipsa blanditiis illum. Quasi commodi dolor voluptas dolorum sequi doloremque. Dolore dolorem in placeat numquam pariatur incidunt natus.', 1, '2019-03-22 03:08:20', '2019-03-22 03:08:20'),
(294, 18, 'Mr. Deven Jast III', 'Ut dolore dolor sint libero nihil totam. Alias enim placeat cupiditate commodi doloribus.', 5, '2019-03-22 03:08:20', '2019-03-22 03:08:20'),
(295, 136, 'Lula White V', 'Ea iure neque libero. Cum voluptates accusamus explicabo vitae placeat. Necessitatibus assumenda voluptatem asperiores deleniti nobis rerum et.', 2, '2019-03-22 03:08:20', '2019-03-22 03:08:20'),
(296, 49, 'Brad Doyle III', 'Rem sint illum officia at quam. Numquam quos hic dolores modi et quas architecto. Esse minus sunt error voluptas inventore.', 3, '2019-03-22 03:08:20', '2019-03-22 03:08:20'),
(297, 93, 'Wyman Monahan', 'Quaerat dignissimos expedita possimus sunt ducimus. Voluptas quia qui velit.', 0, '2019-03-22 03:08:20', '2019-03-22 03:08:20'),
(298, 87, 'Keeley Balistreri', 'Odit dolor sit temporibus. Et numquam aut veniam omnis. Eos omnis aut officiis ea consequuntur aut.', 3, '2019-03-22 03:08:21', '2019-03-22 03:08:21'),
(299, 22, 'Marge Gaylord', 'Deserunt est quibusdam debitis dolore id omnis. Repudiandae consequuntur architecto ad in qui enim debitis. Saepe aut nulla reiciendis alias nisi nostrum rerum iusto. Et minima saepe quo ratione eum.', 3, '2019-03-22 03:08:21', '2019-03-22 03:08:21'),
(300, 21, 'Prof. Jasper Smith Sr.', 'Assumenda reiciendis non voluptatem. Sapiente neque nihil soluta repellendus modi. Sapiente impedit eveniet ut architecto temporibus et est. Et asperiores et sed. Nihil consectetur atque velit magnam.', 4, '2019-03-22 03:08:21', '2019-03-22 03:08:21');

-- --------------------------------------------------------

--
-- Table structure for table `users`
--

CREATE TABLE `users` (
  `id` bigint(20) UNSIGNED NOT NULL,
  `name` varchar(191) COLLATE utf8mb4_unicode_ci NOT NULL,
  `email` varchar(191) COLLATE utf8mb4_unicode_ci NOT NULL,
  `email_verified_at` timestamp NULL DEFAULT NULL,
  `password` varchar(191) COLLATE utf8mb4_unicode_ci NOT NULL,
  `remember_token` varchar(100) COLLATE utf8mb4_unicode_ci DEFAULT NULL,
  `created_at` timestamp NULL DEFAULT NULL,
  `updated_at` timestamp NULL DEFAULT NULL
) ENGINE=InnoDB DEFAULT CHARSET=utf8mb4 COLLATE=utf8mb4_unicode_ci;

--
-- Indexes for dumped tables
--

--
-- Indexes for table `migrations`
--
ALTER TABLE `migrations`
  ADD PRIMARY KEY (`id`);

--
-- Indexes for table `password_resets`
--
ALTER TABLE `password_resets`
  ADD KEY `password_resets_email_index` (`email`);

--
-- Indexes for table `products`
--
ALTER TABLE `products`
  ADD PRIMARY KEY (`id`);

--
-- Indexes for table `reviews`
--
ALTER TABLE `reviews`
  ADD PRIMARY KEY (`id`);

--
-- Indexes for table `users`
--
ALTER TABLE `users`
  ADD PRIMARY KEY (`id`),
  ADD UNIQUE KEY `users_email_unique` (`email`);

--
-- AUTO_INCREMENT for dumped tables
--

--
-- AUTO_INCREMENT for table `migrations`
--
ALTER TABLE `migrations`
  MODIFY `id` int(10) UNSIGNED NOT NULL AUTO_INCREMENT, AUTO_INCREMENT=6;

--
-- AUTO_INCREMENT for table `products`
--
ALTER TABLE `products`
  MODIFY `id` bigint(20) UNSIGNED NOT NULL AUTO_INCREMENT, AUTO_INCREMENT=151;

--
-- AUTO_INCREMENT for table `reviews`
--
ALTER TABLE `reviews`
  MODIFY `id` bigint(20) UNSIGNED NOT NULL AUTO_INCREMENT, AUTO_INCREMENT=301;

--
-- AUTO_INCREMENT for table `users`
--
ALTER TABLE `users`
  MODIFY `id` bigint(20) UNSIGNED NOT NULL AUTO_INCREMENT;
COMMIT;

/*!40101 SET CHARACTER_SET_CLIENT=@OLD_CHARACTER_SET_CLIENT */;
/*!40101 SET CHARACTER_SET_RESULTS=@OLD_CHARACTER_SET_RESULTS */;
/*!40101 SET COLLATION_CONNECTION=@OLD_COLLATION_CONNECTION */;
